stage,group,env_tag,algo_tag,seed,beta,run_name,env_id,config_source,pg_mode,alpha_gae,alpha_cf,cf_horizon,cf_subsample,cf_branch_budget,perturb_beta,total_timesteps,wall_time_s,n_episodes,first_success_step,out_dir,finished_at,git_sha,final_success,n_success_episodes,success_auc,frames_to_50,frames_to_90,final_subgoal1,final_subgoal2,final_return_100,final_length_100,final_entropy,final_approx_kl,final_clipfrac,final_explained_variance,final_pg_loss,final_v_loss,final_sps,mean_cf_centering,final_cf_centering,mean_cf_mean_abs,final_cf_mean_abs,mean_cf_corr_gae,final_cf_corr_gae,mean_cf_frac_states,final_cf_frac_states,mean_perturb_beta,final_perturb_beta,mean_perturb_scope_fraction,final_perturb_scope_fraction,mean_perturb_centering,final_perturb_centering,mean_perturb_mean_abs,final_perturb_mean_abs,mean_perturb_payload_rms,final_perturb_payload_rms,mean_distill_centering,final_distill_centering,mean_distill_mean_abs,final_distill_mean_abs,mean_cf_reward_coverage,final_cf_reward_coverage,mean_cf_terminated_within_horizon,final_cf_terminated_within_horizon,mean_cf_frac_states_any_reward,final_cf_frac_states_any_reward,mean_cf_branch_transitions,final_cf_branch_transitions,mean_cf_n_cf_states,final_cf_n_cf_states,mean_distill_replay_size,final_distill_replay_size,mean_distill_total_labels,final_distill_total_labels,mean_distill_student_loss,final_distill_student_loss,mean_distill_student_steps,final_distill_student_steps,mean_distill_target_centering,final_distill_target_centering,mean_distill_prediction_centering,final_distill_prediction_centering,mean_distill_heldout_pg_error,final_distill_heldout_pg_error,mean_distill_heldout_direction_cos,final_distill_heldout_direction_cos,mean_distill_heldout_best_action_agreement,final_distill_heldout_best_action_agreement
E2_DK6,distill,doorkey6x6,ppo-cf-distilled,0,0.25,e2_dk6_distill_b0p25,MiniGrid-DoorKey-6x6-v0,doorkey6x6_cf,landscape_distill,1.0,0.5,16,0.02,0.64,0.25,750000,879.9,18944,9632,runs/e2_dk6_distill_b0p25/seed_0,2026-09-11T00:36:29+0800,c7f5f8c,1.0,18141,0.6473576763241022,287376.0,373984.0,1.0,1.0,0.9640000000000001,14.4,0.3682438740506768,0.0158732405398041,0.0943603515625,0.8469689183926917,-0.0111600051750428,0.0001757745203576,855.0,,,,,,,0.0,0.0,0.2301912568306011,0.25,1.0,1.0,1.5790492944773084e-09,2.939486876130104e-09,0.00436079735031774,0.010305562056601,0.016854058311173207,0.0367627590894699,1.5790492944773084e-09,2.939486876130104e-09,0.00436079735031774,0.010305562056601,0.3270215723234515,0.8310104529616724,0.3270215723234515,0.8310104529616724,0.4274290283886444,0.975609756097561,7728.497267759562,5486.0,41.0,41.0,3548.1639344262294,4096.0,7544.0,15006.0,0.0005869470131183021,0.0001187814581498,10.0,10.0,9.795846547037444e-08,1.7474667401984337e-07,1.0654742856060862e-09,2.4738255888223652e-09,0.005399990718699739,0.0020122129935771,0.22196064150479974,0.6074277758598328,0.34319605491136873,0.6829268292682927
E2_DK6,distill,doorkey6x6,ppo-cf-distilled,0,0.75,e2_dk6_distill_b0p75,MiniGrid-DoorKey-6x6-v0,doorkey6x6_cf,landscape_distill,1.0,0.5,16,0.02,0.64,0.75,750000,899.7,17287,9632,runs/e2_dk6_distill_b0p75/seed_0,2026-09-11T01:06:21+0800,c7f5f8c,0.99,16535,0.6774450363241022,291456.0,341440.0,1.0,1.0,0.926475,29.01,0.6100777704268694,0.0216631899384083,0.165283203125,0.5336361107670297,-0.0082934873353224,0.0041678993220557,837.0,,,,,,,0.0,0.0,0.6905737704918032,0.75,1.0,1.0,2.1702953993757587e-09,4.612957127392292e-09,0.004962779215760888,0.0099731758236885,0.04094098309624956,0.0320567414164543,2.1702953993757587e-09,4.612957127392292e-09,0.004962779215760888,0.0099731758236885,0.29698596751775475,0.6533101045296167,0.29698596751775475,0.6533101045296167,0.4171664667466347,0.8780487804878049,7911.005464480874,6409.0,41.0,41.0,3548.1639344262294,4096.0,7544.0,15006.0,0.0007033360255099191,0.000243029432022,10.0,10.0,9.631625599328794e-08,1.4143006410449746e-07,1.3742930873451739e-09,2.240994945168495e-09,0.006426852279154362,0.0075988313183188,0.16004429373535825,0.3551996946334839,0.34719445555111283,0.3170731707317073
E2_DK6,distill,doorkey6x6,ppo-cf-distilled,0,1.5,e2_dk6_distill_b1p5,MiniGrid-DoorKey-6x6-v0,doorkey6x6_cf,landscape_distill,1.0,0.5,16,0.02,0.64,1.5,750000,890.2,21334,9632,runs/e2_dk6_distill_b1p5/seed_0,2026-09-11T01:35:51+0800,c7f5f8c,1.0,20626,0.6926103696574357,254288.0,322976.0,1.0,1.0,0.964425,14.23,0.2908268915489316,0.0123331421054899,0.0821533203125,0.7614097115357696,-0.0117225504654925,0.0002553146341597,845.0,,,,,,,0.0,0.0,1.3811475409836065,1.5,1.0,1.0,2.0000670652148248e-09,2.6448105927556753e-09,0.0048587509915054075,0.0095310760661959,0.07170094288580238,0.1364219933748245,2.0000670652148248e-09,2.6448105927556753e-09,0.0048587509915054075,0.0095310760661959,0.3670531787285086,0.8902439024390244,0.3670531787285086,0.8902439024390244,0.4831400773024123,1.0,7605.606557377049,5211.0,41.0,41.0,3548.1639344262294,4096.0,7544.0,15006.0,0.0006112896884766246,0.0001103316237276,10.0,10.0,1.0963473100102042e-07,1.5407931641675535e-07,1.3623671516963113e-09,2.6448105927556753e-09,0.005710391680165423,0.0018834093352779,0.16162365703344794,0.6012237071990967,0.3387978142076503,0.7317073170731707
E2_DK6,distill,doorkey6x6,ppo-cf-distilled,1,0.25,e2_dk6_distill_b0p25,MiniGrid-DoorKey-6x6-v0,doorkey6x6_cf,landscape_distill,1.0,0.5,16,0.02,0.64,0.25,750000,1196.4,7814,3360,runs/e2_dk6_distill_b0p25/seed_1,2026-09-11T00:46:35+0800,c7f5f8c,1.0,6634,0.5150339089044784,3360.0,3360.0,1.0,1.0,0.9535750000000001,18.57,0.8098431061953306,0.0112846163028734,0.1197509765625,0.5822813081336631,-0.0071009250823408,0.0012154788455518,628.0,,,,,,,0.0,0.0,0.2301912568306011,0.25,1.0,1.0,1.6258733618694048e-09,4.48198989033699e-09,0.0029746777059311367,0.0094804735854268,0.01674108374342216,0.0234653279185295,1.6258733618694048e-09,4.48198989033699e-09,0.0029746777059311367,0.0094804735854268,0.12746330039412804,0.6637630662020906,0.12746330039412804,0.6637630662020906,0.21284819405571098,0.8048780487804879,8584.655737704918,6294.0,41.0,41.0,3548.1639344262294,4096.0,7544.0,15006.0,0.0007606321594909886,0.0012380658765323,10.0,10.0,6.642306813865079e-08,2.0058359950780869e-07,8.535073510125595e-10,2.240994945168495e-09,0.0067059727149628235,0.0053664054721593,0.08175313022938062,0.3876266479492187,0.2856190856990537,0.5365853658536586
E2_DK6,distill,doorkey6x6,ppo-cf-distilled,1,0.75,e2_dk6_distill_b0p75,MiniGrid-DoorKey-6x6-v0,doorkey6x6_cf,landscape_distill,1.0,0.5,16,0.02,0.64,0.75,750000,1182.3,11894,3360,runs/e2_dk6_distill_b0p75/seed_1,2026-09-11T01:25:59+0800,c7f5f8c,1.0,10984,0.6341419622378118,3360.0,3360.0,1.0,1.0,0.953425,18.63,0.6021213568747044,0.0478100226755486,0.218017578125,0.5460822276704747,-0.0090062650851905,0.0009967704245354,636.0,,,,,,,0.0,0.0,0.6905737704918032,0.75,1.0,1.0,2.008770010076257e-09,3.958120942115784e-09,0.004197052844082429,0.0108041716739535,0.03670818241099349,0.0615923069417476,2.008770010076257e-09,3.958120942115784e-09,0.004197052844082429,0.0108041716739535,0.20154795224767225,0.7909407665505227,0.20154795224767225,0.7909407665505227,0.3284019725443157,0.926829268292683,8304.704918032787,5843.0,41.0,41.0,3548.1639344262294,4096.0,7544.0,15006.0,0.0008811348236807584,0.000630964024458,10.0,10.0,8.493032515517728e-08,1.9761864678002894e-07,1.1234930896962346e-09,2.772139851003885e-09,0.00761514297041457,0.0048867547884583,0.11092013748785064,0.4717846512794494,0.2984139677462348,0.5609756097560976
E2_DK6,distill,doorkey6x6,ppo-cf-distilled,1,1.5,e2_dk6_distill_b1p5,MiniGrid-DoorKey-6x6-v0,doorkey6x6_cf,landscape_distill,1.0,0.5,16,0.02,0.64,1.5,750000,1194.4,9551,3360,runs/e2_dk6_distill_b1p5/seed_1,2026-09-11T02:05:50+0800,c7f5f8c,1.0,8607,0.615156575571145,3360.0,3360.0,1.0,1.0,0.95255,18.98,0.5443191062659025,0.0157479482004418,0.1251220703125,0.6627687243515787,-0.0076920921710552,0.0008344213365489,630.0,,,,,,,0.0,0.0,1.3811475409836065,1.5,1.0,1.0,2.0579057098353597e-09,3.281456883996725e-09,0.0034002799584015807,0.0096108028665184,0.06906574982844411,0.1094156503677368,2.0579057098353597e-09,3.281456883996725e-09,0.0034002799584015807,0.0096108028665184,0.1610213057634089,0.6097560975609756,0.1610213057634089,0.6097560975609756,0.2669598827135813,0.926829268292683,8470.83606557377,6918.0,41.0,41.0,3548.1639344262294,4096.0,7544.0,15006.0,0.0008991213067113923,0.0009796104335691,10.0,10.0,7.987438844884061e-08,2.2469612304121259e-07,1.0171816079168647e-09,2.688466338440776e-09,0.0077724198529577765,0.0063455328345298,0.07224445957932214,0.2100811451673507,0.27535652405704386,0.4878048780487805
E2_DK6,distill,doorkey6x6,ppo-cf-distilled,2,0.25,e2_dk6_distill_b0p25,MiniGrid-DoorKey-6x6-v0,doorkey6x6_cf,landscape_distill,1.0,0.5,16,0.02,0.64,0.25,750000,1334.9,12703,4784,runs/e2_dk6_distill_b0p25/seed_2,2026-09-11T00:51:26+0800,c7f5f8c,1.0,11750,0.6038121837539081,4784.0,4784.0,1.0,1.0,0.9588000000000001,16.48,0.6141318995505571,0.0151935669928207,0.1207275390625,0.6214429529561509,-0.0028783029702026,0.001177375737825,563.0,,,,,,,0.0,0.0,0.2301912568306011,0.25,1.0,1.0,1.960476711147485e-09,5.471520125865936e-09,0.003695988098523259,0.0108123579993844,0.018367597474487546,0.022864693775773,1.960476711147485e-09,5.471520125865936e-09,0.003695988098523259,0.0108123579993844,0.2169798747167799,0.6777003484320557,0.2169798747167799,0.6777003484320557,0.31507397041183527,0.8048780487804879,8208.459016393443,6096.0,41.0,41.0,3548.1639344262294,4096.0,7544.0,15006.0,0.0008050613970360167,0.0004876724444329,10.0,10.0,7.8988951365139e-08,1.580483512952924e-07,1.0247268728761427e-09,5.529727786779404e-09,0.006401874561720258,0.002109725959599,0.14178783381504104,0.7106585502624512,0.28441956550713043,0.6585365853658537
E2_DK6,distill,doorkey6x6,ppo-cf-distilled,2,0.75,e2_dk6_distill_b0p75,MiniGrid-DoorKey-6x6-v0,doorkey6x6_cf,landscape_distill,1.0,0.5,16,0.02,0.64,0.75,750000,1274.0,18778,4784,runs/e2_dk6_distill_b0p75/seed_2,2026-09-11T01:33:43+0800,c7f5f8c,1.0,18092,0.7185525570872414,4784.0,4784.0,1.0,1.0,0.9617749999999999,15.29,0.4511733958497643,0.0125963939644861,0.1031494140625,0.7083704665946352,-0.00664643253549,0.0005069635708423,590.0,,,,,,,0.0,0.0,0.6905737704918032,0.75,1.0,1.0,2.6801616081311445e-09,4.4528860598802575e-09,0.0052174014749279745,0.0102669866755604,0.04766793179585305,0.0758783966302871,2.6801616081311445e-09,4.4528860598802575e-09,0.0052174014749279745,0.0102669866755604,0.32156661145065785,0.7543554006968641,0.32156661145065785,0.7543554006968641,0.4482207117153139,0.8536585365853658,7824.453551912568,5480.0,41.0,41.0,3548.1639344262294,4096.0,7544.0,15006.0,0.0008359995909211858,0.0001830828827223,10.0,10.0,1.0237547999379094e-07,2.200686139985919e-07,1.5623876497358125e-09,2.3355823941528797e-09,0.006937186150999861,0.0031818391289561,0.21504778960271856,0.6436767578125,0.3305344528855124,0.6097560975609756
E2_DK6,distill,doorkey6x6,ppo-cf-distilled,2,1.5,e2_dk6_distill_b1p5,MiniGrid-DoorKey-6x6-v0,doorkey6x6_cf,landscape_distill,1.0,0.5,16,0.02,0.64,1.5,750000,1282.6,16952,4784,runs/e2_dk6_distill_b1p5/seed_2,2026-09-11T02:15:45+0800,c7f5f8c,1.0,16087,0.6330992237539081,4784.0,4784.0,1.0,1.0,0.9621999999999999,15.12,0.2918351925909519,0.0189545568646281,0.1019287109375,0.7182429949036906,-0.0055999259639065,0.000366469529581,587.0,,,,,,,0.0,0.0,1.3811475409836065,1.5,1.0,1.0,2.976937681185896e-09,4.7584762796759605e-09,0.00472439647858316,0.0111562320962548,0.08791456621934152,0.1333032995462417,2.976937681185896e-09,4.7584762796759605e-09,0.00472439647858316,0.0111562320962548,0.2848955655832905,0.7473867595818815,0.2848955655832905,0.7473867595818815,0.39224310275889646,0.8780487804878049,7923.3005464480875,6391.0,41.0,41.0,3548.1639344262294,4096.0,7544.0,15006.0,0.0007308472867322536,0.0001533111862954,10.0,10.0,9.502652525699261e-08,1.6426383808720857e-07,1.7229373823214244e-09,2.113665686920285e-09,0.005870706730336411,0.0034517112653702,0.13851282051592667,0.3844746947288513,0.31014260962281753,0.4390243902439024
E2_DK6,distill,doorkey6x6,ppo-cf-distilled,3,0.25,e2_dk6_distill_b0p25,MiniGrid-DoorKey-6x6-v0,doorkey6x6_cf,landscape_distill,1.0,0.5,16,0.02,0.64,0.25,750000,1234.7,6652,11008,runs/e2_dk6_distill_b0p25/seed_3,2026-09-11T01:25:35+0800,c7f5f8c,1.0,5451,0.5398663399331053,293040.0,498480.0,1.0,1.0,0.9352499999999999,25.9,1.0281511396169662,0.0131300528300926,0.1422119140625,0.6800739434682124,-0.0124764307256555,0.0015599004145769,609.0,,,,,,,0.0,0.0,0.2301912568306011,0.25,1.0,1.0,1.4038013447492124e-09,2.3283064365386963e-09,0.0025032885201514026,0.0077032004483044,0.015287898676826124,0.0219193827360868,1.4038013447492124e-09,2.3283064365386963e-09,0.0025032885201514026,0.0077032004483044,0.0994649759143961,0.5714285714285714,0.0994649759143961,0.5714285714285714,0.1787285085965614,0.7560975609756098,8666.857923497268,6654.0,41.0,41.0,3548.1639344262294,4096.0,7544.0,15006.0,0.000767035613687998,0.0013643764541484,10.0,10.0,6.593440017645363e-08,1.1753763828892261e-07,6.079276293055587e-10,1.280568540096283e-09,0.007130079115155644,0.0071783121675252,0.057814122161120564,0.3214804530143738,0.24990003998400642,0.3658536585365853
E2_DK6,distill,doorkey6x6,ppo-cf-distilled,3,0.75,e2_dk6_distill_b0p75,MiniGrid-DoorKey-6x6-v0,doorkey6x6_cf,landscape_distill,1.0,0.5,16,0.02,0.64,0.75,750000,1313.9,13231,11008,runs/e2_dk6_distill_b0p75/seed_3,2026-09-11T02:08:00+0800,c7f5f8c,1.0,12249,0.6055930599331053,297376.0,430160.0,1.0,1.0,0.96095,15.62,0.3535917131230235,0.0153257220081286,0.1007080078125,0.7850614688150226,-0.0109900790266692,0.0003813456610259,572.0,,,,,,,0.0,0.0,0.6905737704918032,0.75,1.0,1.0,1.5862929476348714e-09,4.0745362639427185e-09,0.0036805575345184305,0.0118073681369423,0.04002165665107017,0.0721303150057792,1.5862929476348714e-09,4.0745362639427185e-09,0.0036805575345184305,0.0118073681369423,0.2214161954265912,0.8710801393728222,0.2214161954265912,0.8710801393728222,0.32373717179794753,0.975609756097561,8213.896174863388,5554.0,41.0,41.0,3548.1639344262294,4096.0,7544.0,15006.0,0.0007642102725299233,0.0004182163829682,10.0,10.0,8.667982462457622e-08,2.2855238057672977e-07,9.462161715965607e-10,3.346940502524376e-09,0.006323476080894625,0.0032123636920005,0.13401088277562656,0.3488619923591614,0.30294548847127817,0.3658536585365853
E2_DK6,distill,doorkey6x6,ppo-cf-distilled,3,1.5,e2_dk6_distill_b1p5,MiniGrid-DoorKey-6x6-v0,doorkey6x6_cf,landscape_distill,1.0,0.5,16,0.02,0.64,1.5,750000,1253.6,19763,11008,runs/e2_dk6_distill_b1p5/seed_3,2026-09-11T02:50:28+0800,c7f5f8c,1.0,19051,0.710528526599772,224240.0,319328.0,1.0,1.0,0.9565,17.4,0.3979785582050681,0.0949203418131219,0.186279296875,0.3359254173891128,-0.0241714555013459,0.0012014682670269,600.0,,,,,,,0.0,0.0,1.3811475409836065,1.5,1.0,1.0,1.994393905640651e-09,5.3787516662850984e-09,0.004773343579278691,0.0083181941881775,0.06904317329693684,0.0598180033266544,1.994393905640651e-09,5.3787516662850984e-09,0.004773343579278691,0.0083181941881775,0.33813141410102626,0.5871080139372822,0.33813141410102626,0.5871080139372822,0.463014794082367,0.926829268292683,7736.770491803279,6922.0,41.0,41.0,3548.1639344262294,4096.0,7544.0,15006.0,0.000731574222631912,0.0001088214106857,10.0,10.0,1.1037441111417298e-07,1.795924617908895e-07,1.2592643721947125e-09,1.000444171950221e-09,0.006284158480928683,0.0026239193975925,0.1603738884899582,0.442967802286148,0.33080101292816205,0.3170731707317073
E2_DK6,distill,doorkey6x6,ppo-cf-distilled,4,0.25,e2_dk6_distill_b0p25,MiniGrid-DoorKey-6x6-v0,doorkey6x6_cf,landscape_distill,1.0,0.5,16,0.02,0.64,0.25,750000,1194.2,9496,944,runs/e2_dk6_distill_b0p25/seed_4,2026-09-11T02:45:50+0800,c7f5f8c,1.0,8432,0.5488844011715162,944.0,944.0,1.0,1.0,0.9458249999999999,21.67,0.8675345163792372,0.0139567822188837,0.144287109375,0.6633633842631808,-0.0159534418780822,0.0013202651134633,629.0,,,,,,,0.0,0.0,0.2301912568306011,0.25,1.0,1.0,1.3819858966976698e-09,4.6566128730773926e-09,0.0031332779191293927,0.010589444078505,0.013160167302671633,0.0231293141841888,1.3819858966976698e-09,4.6566128730773926e-09,0.0031332779191293927,0.010589444078505,0.16019306563089047,0.6515679442508711,0.16019306563089047,0.6515679442508711,0.25643076102892187,0.902439024390244,8480.338797814207,6708.0,41.0,41.0,3548.1639344262294,4096.0,7544.0,15006.0,0.0007583022253213454,0.0008966604887973,10.0,10.0,7.125105495044751e-08,1.959851942956448e-07,6.956491387790181e-10,2.008164301514625e-09,0.00694948994831935,0.0043235141783952,0.08179884894160666,0.4531949758529663,0.26682660269225644,0.3902439024390244
E2_DK6,distill,doorkey6x6,ppo-cf-distilled,4,0.75,e2_dk6_distill_b0p75,MiniGrid-DoorKey-6x6-v0,doorkey6x6_cf,landscape_distill,1.0,0.5,16,0.02,0.64,0.75,750000,1192.4,10560,944,runs/e2_dk6_distill_b0p75/seed_4,2026-09-11T03:25:12+0800,c7f5f8c,1.0,9540,0.5632451478381828,944.0,944.0,1.0,1.0,0.9545,18.2,0.5190979968756437,0.0216967873348039,0.1339111328125,0.6045719428278005,-0.015251488512149,0.000838418602143,631.0,,,,,,,0.0,0.0,0.6905737704918032,0.75,1.0,1.0,1.9656218171038264e-09,5.944457370787859e-09,0.0034217429471384885,0.0098437955603003,0.04490793540137383,0.0620041415095329,1.9656218171038264e-09,5.944457370787859e-09,0.0034217429471384885,0.0098437955603003,0.17928066868490697,0.6515679442508711,0.17928066868490697,0.6515679442508711,0.28668532586965223,0.902439024390244,8404.387978142076,6237.0,41.0,41.0,3548.1639344262294,4096.0,7544.0,15006.0,0.0008604215464635044,0.0007050077430903,10.0,10.0,7.496993496919498e-08,1.466833055019379e-07,9.200383794221702e-10,3.1977833714336157e-09,0.007143242835878888,0.0044272947125136,0.0980391728369229,0.5060703158378601,0.27615620418499265,0.4146341463414634
E2_DK6,distill,doorkey6x6,ppo-cf-distilled,4,1.5,e2_dk6_distill_b1p5,MiniGrid-DoorKey-6x6-v0,doorkey6x6_cf,landscape_distill,1.0,0.5,16,0.02,0.64,1.5,750000,1178.2,13661,944,runs/e2_dk6_distill_b1p5/seed_4,2026-09-11T04:03:56+0800,c7f5f8c,1.0,12638,0.5523916011715162,944.0,944.0,1.0,1.0,0.9613,15.48,0.2916047410108149,0.0196993956415099,0.1192626953125,0.6325587801076843,-0.0239053966215578,0.0003964692186855,639.0,,,,,,,0.0,0.0,1.3811475409836065,1.5,1.0,1.0,1.7531796342542502e-09,3.5604443837655712e-09,0.0035200017877177075,0.0116870207712054,0.07615577204590608,0.0983456820249557,1.7531796342542502e-09,3.5604443837655712e-09,0.0035200017877177075,0.0116870207712054,0.22903219664515145,0.8414634146341463,0.22903219664515145,0.8414634146341463,0.3236038917766227,1.0,8180.513661202186,5967.0,41.0,41.0,3548.1639344262294,4096.0,7544.0,15006.0,0.0007571545752412797,0.0003554393013473,10.0,10.0,8.035136526511148e-08,1.7081674741348254e-07,8.671186319066901e-10,3.1213858164846893e-09,0.006168053336912217,0.0024360206443816,0.07697264653951173,0.5926583409309387,0.2736238837798214,0.6097560975609756
E2_DK6,queried,doorkey6x6,ppo-cf-queried-perturb,0,0.25,e2_dk6_queried_b0p25,MiniGrid-DoorKey-6x6-v0,doorkey6x6_cf,cf_queried_perturb,1.0,0.5,16,0.02,0.64,0.25,750000,905.0,8446,9040,runs/e2_dk6_queried_b0p25/seed_0,2026-09-11T00:21:49+0800,c7f5f8c,1.0,7276,0.5257951622051353,340528.0,513504.0,1.0,1.0,0.95365,18.54,0.752304557710886,0.0107745436907862,0.1197509765625,0.725688185395551,-0.0140739949420094,0.0006129650682851,835.0,,,,,,,0.0,0.0,0.25,0.25,0.02001953125,0.02001953125,6.205250090083908e-08,1.9150320440530777e-07,0.016635364714165074,0.0217027254402637,0.01750980293100868,0.0121314823627471,,,,,0.13913482226157153,0.7195121951219512,0.13913482226157153,0.7195121951219512,0.22457683593229372,0.8536585365853658,8512.071038251366,6241.0,41.0,41.0,,,,,,,,,,,,,,,,,,
E2_DK6,queried,doorkey6x6,ppo-cf-queried-perturb,0,0.75,e2_dk6_queried_b0p75,MiniGrid-DoorKey-6x6-v0,doorkey6x6_cf,cf_queried_perturb,1.0,0.5,16,0.02,0.64,0.75,750000,892.7,11128,33280,runs/e2_dk6_queried_b0p75/seed_0,2026-09-11T00:51:21+0800,c7f5f8c,1.0,10100,0.5676727934677761,342640.0,438816.0,1.0,1.0,0.95185,19.26,0.7840527016669512,0.0145118528162129,0.14013671875,0.7372861832847999,-0.0170647560880752,0.0006163893194752,844.0,,,,,,,0.0,0.0,0.75,0.75,0.02001953125,0.02001953125,7.048092208222324e-08,1.5692785382270813e-07,0.017610557995675485,0.0212667100131511,0.05072367279357756,0.0190246049314737,,,,,0.1901144304183088,0.8013937282229965,0.1901144304183088,0.8013937282229965,0.2872184459549514,0.926829268292683,8359.136612021857,5867.0,41.0,41.0,,,,,,,,,,,,,,,,,,
E2_DK6,queried,doorkey6x6,ppo-cf-queried-perturb,0,1.5,e2_dk6_queried_b1p5,MiniGrid-DoorKey-6x6-v0,doorkey6x6_cf,cf_queried_perturb,1.0,0.5,16,0.02,0.64,1.5,750000,879.8,18796,11232,runs/e2_dk6_queried_b1p5/seed_0,2026-09-11T01:21:01+0800,c7f5f8c,1.0,18021,0.6663688164782232,258480.0,348032.0,1.0,1.0,0.9587750000000002,16.49,0.5212613996118307,0.0192507573810871,0.132568359375,0.8026770211181071,-0.020322326774476,0.0002957373299068,857.0,,,,,,,0.0,0.0,1.5,1.5,0.02001953125,0.02001953125,9.251748862583097e-08,1.7706770449876785e-07,0.017659166510995496,0.015748493373394,0.10250802877577923,0.1093452721834182,,,,,0.3351992536318806,0.8414634146341463,0.3351992536318806,0.8414634146341463,0.444089031054245,0.951219512195122,7753.617486338798,5875.0,41.0,41.0,,,,,,,,,,,,,,,,,,
E2_DK6,queried,doorkey6x6,ppo-cf-queried-perturb,1,0.25,e2_dk6_queried_b0p25,MiniGrid-DoorKey-6x6-v0,doorkey6x6_cf,cf_queried_perturb,1.0,0.5,16,0.02,0.64,0.25,750000,1193.8,3223,3360,runs/e2_dk6_queried_b0p25/seed_1,2026-09-11T00:26:38+0800,c7f5f8c,0.87,1730,0.4293054784798663,3360.0,3360.0,0.95,0.88,0.6892499999999999,119.1,1.772742222994566,0.0055662299128016,0.062255859375,0.860404801439085,-0.0079910540371201,0.0022874321839481,632.0,,,,,,,0.0,0.0,0.25,0.25,0.02001953125,0.02001953125,3.850662413337439e-08,3.8198777474462986e-08,0.012134490033059431,0.0258166510611772,0.018754976938982437,0.0185399744659662,,,,,0.03158736505397836,0.0522648083623693,0.03158736505397836,0.0522648083623693,0.07810209249633478,0.1707317073170731,8921.704918032787,8893.0,41.0,41.0,,,,,,,,,,,,,,,,,,
E2_DK6,queried,doorkey6x6,ppo-cf-queried-perturb,1,0.75,e2_dk6_queried_b0p75,MiniGrid-DoorKey-6x6-v0,doorkey6x6_cf,cf_queried_perturb,1.0,0.5,16,0.02,0.64,0.75,750000,1181.9,6245,3360,runs/e2_dk6_queried_b0p75/seed_1,2026-09-11T01:06:17+0800,c7f5f8c,1.0,4983,0.45665902934797575,3360.0,3360.0,1.0,1.0,0.9418500000000001,23.26,1.099111296236515,0.0091279736516298,0.1171875,0.7032035664063312,-0.010890445089899,0.0015182232891675,637.0,,,,,,,0.0,0.0,0.75,0.75,0.02001953125,0.02001953125,4.450130738226361e-08,1.2328382581472397e-07,0.014470358582752927,0.0239285714924335,0.05354897092132128,0.0267372261732816,,,,,0.09572361531577844,0.5296167247386759,0.09572361531577844,0.5296167247386759,0.16859922697587632,0.7073170731707317,8703.945355191257,7012.0,41.0,41.0,,,,,,,,,,,,,,,,,,
E2_DK6,queried,doorkey6x6,ppo-cf-queried-perturb,1,1.5,e2_dk6_queried_b1p5,MiniGrid-DoorKey-6x6-v0,doorkey6x6_cf,cf_queried_perturb,1.0,0.5,16,0.02,0.64,1.5,750000,1195.6,3319,2928,runs/e2_dk6_queried_b1p5/seed_1,2026-09-11T01:45:55+0800,c7f5f8c,0.98,1924,0.46749286161275544,2928.0,2928.0,0.99,0.99,0.7600750000000001,95.17,1.6540460251271725,0.0090730515294126,0.0784912109375,0.8495951112632905,-0.0097314865415683,0.0025843462499324,629.0,,,,,,,0.0,0.0,1.5,1.5,0.02001953125,0.02001953125,4.160522773537136e-08,9.918585419654846e-08,0.01384918065996113,0.0282360631972551,0.11322586728982582,0.1168060973286628,,,,,0.03544296567087447,0.1951219512195122,0.03544296567087447,0.1951219512195122,0.09143009462881511,0.3902439024390244,8916.005464480875,8473.0,41.0,41.0,,,,,,,,,,,,,,,,,,
E2_DK6,queried,doorkey6x6,ppo-cf-queried-perturb,2,0.25,e2_dk6_queried_b0p25,MiniGrid-DoorKey-6x6-v0,doorkey6x6_cf,cf_queried_perturb,1.0,0.5,16,0.02,0.64,0.25,750000,1346.3,9769,3744,runs/e2_dk6_queried_b0p25/seed_2,2026-09-11T00:29:10+0800,c7f5f8c,1.0,8679,0.5340421401710782,3744.0,3744.0,1.0,1.0,0.951475,19.41,0.7785081788897514,0.0085837992446613,0.094482421875,0.6049453007181846,-0.0075591332570184,0.0009079298142751,560.0,,,,,,,0.0,0.0,0.25,0.25,0.02001953125,0.02001953125,6.711145997641588e-08,2.536980900913477e-07,0.01678284292797619,0.020882498472929,0.018185694250303572,0.0115894172340631,,,,,0.16630490660878505,0.7961672473867596,0.16630490660878505,0.7961672473867596,0.2606957217113155,0.926829268292683,8414.84699453552,5294.0,41.0,41.0,,,,,,,,,,,,,,,,,,
E2_DK6,queried,doorkey6x6,ppo-cf-queried-perturb,2,0.75,e2_dk6_queried_b0p75,MiniGrid-DoorKey-6x6-v0,doorkey6x6_cf,cf_queried_perturb,1.0,0.5,16,0.02,0.64,0.75,750000,1263.2,14917,4400,runs/e2_dk6_queried_b0p75/seed_2,2026-09-11T01:12:29+0800,c7f5f8c,1.0,13967,0.5793707514970828,4400.0,4400.0,1.0,1.0,0.9577,16.92,0.6472214851528406,0.0209658392777782,0.1492919921875,0.7414214569629705,-0.0164342138159554,0.0003937721212423,595.0,,,,,,,0.0,0.0,0.75,0.75,0.02001953125,0.02001953125,7.629592765218403e-08,1.302978489547968e-07,0.015908834955443787,0.0243465527892112,0.04972808297005951,0.0581817179918289,,,,,0.24912891986062713,0.7282229965156795,0.24912891986062713,0.7282229965156795,0.3479941356790617,0.926829268292683,8067.595628415301,5919.0,41.0,41.0,,,,,,,,,,,,,,,,,,
E2_DK6,queried,doorkey6x6,ppo-cf-queried-perturb,2,1.5,e2_dk6_queried_b1p5,MiniGrid-DoorKey-6x6-v0,doorkey6x6_cf,cf_queried_perturb,1.0,0.5,16,0.02,0.64,1.5,750000,1239.0,19826,3840,runs/e2_dk6_queried_b1p5/seed_2,2026-09-11T01:54:22+0800,c7f5f8c,1.0,19109,0.7070791043715073,3840.0,3840.0,1.0,1.0,0.959275,16.29,0.5752511005848646,0.0152565003736526,0.1080322265625,0.7727828718759916,-0.0120681629341561,0.0003597756112867,607.0,,,,,,,0.0,0.0,1.5,1.5,0.02001953125,0.02001953125,9.585153922306164e-08,1.7660204321146014e-07,0.01869470173686412,0.0180222578346729,0.09491551908679668,0.081018827855587,,,,,0.3510310161649626,0.7613240418118467,0.3510310161649626,0.7613240418118467,0.4672797547647608,0.926829268292683,7682.267759562841,6268.0,41.0,41.0,,,,,,,,,,,,,,,,,,
E2_DK6,queried,doorkey6x6,ppo-cf-queried-perturb,3,0.25,e2_dk6_queried_b0p25,MiniGrid-DoorKey-6x6-v0,doorkey6x6_cf,cf_queried_perturb,1.0,0.5,16,0.02,0.64,0.25,750000,1225.2,3673,14928,runs/e2_dk6_queried_b0p25/seed_3,2026-09-11T01:04:59+0800,c7f5f8c,0.99,2094,0.43971984025718225,316608.0,698144.0,1.0,0.99,0.8368249999999999,64.87,1.5427609868347645,0.0087887213812791,0.118408203125,0.8176379958877744,-0.0152201444725506,0.0039846153667895,616.0,,,,,,,0.0,0.0,0.25,0.25,0.02001953125,0.02001953125,5.232134655099887e-08,1.417938619852066e-07,0.012119895041935464,0.0311280749738216,0.019667727846010986,0.0169680826365947,,,,,0.039917366386778584,0.2229965156794425,0.039917366386778584,0.2229965156794425,0.0912968146074903,0.3414634146341463,8871.191256830602,8127.0,41.0,41.0,,,,,,,,,,,,,,,,,,
E2_DK6,queried,doorkey6x6,ppo-cf-queried-perturb,3,0.75,e2_dk6_queried_b0p75,MiniGrid-DoorKey-6x6-v0,doorkey6x6_cf,cf_queried_perturb,1.0,0.5,16,0.02,0.64,0.75,750000,1230.9,11690,8912,runs/e2_dk6_queried_b0p75/seed_3,2026-09-11T01:46:06+0800,c7f5f8c,1.0,10593,0.5472378020117405,388336.0,486256.0,1.0,1.0,0.958625,16.55,0.585639338940382,0.0119644407168379,0.09033203125,0.7069893174085212,-0.0078386867680819,0.0004462267552298,611.0,,,,,,,0.0,0.0,0.75,0.75,0.02001953125,0.02001953125,6.902835921806161e-08,2.04483512789011e-07,0.016097263020814392,0.02128666639328,0.04927024298062534,0.0480222329497337,,,,,0.2003579520572723,0.8763066202090593,0.2003579520572723,0.8763066202090593,0.29068372650939633,0.951219512195122,8269.060109289618,5323.0,41.0,41.0,,,,,,,,,,,,,,,,,,
E2_DK6,queried,doorkey6x6,ppo-cf-queried-perturb,3,1.5,e2_dk6_queried_b1p5,MiniGrid-DoorKey-6x6-v0,doorkey6x6_cf,cf_queried_perturb,1.0,0.5,16,0.02,0.64,1.5,750000,1294.4,10739,10960,runs/e2_dk6_queried_b1p5/seed_3,2026-09-11T02:29:34+0800,c7f5f8c,1.0,9644,0.5832292442423116,322912.0,469504.0,1.0,1.0,0.9511,19.56,0.8345449101179838,0.0191076904011424,0.1632080078125,0.6606720210747243,-0.0002424600534141,0.0009236184832843,581.0,,,,,,,0.0,0.0,1.5,1.5,0.02001953125,0.02001953125,7.378795570912935e-08,2.013257471844554e-07,0.01693988468782982,0.0177384950220584,0.10789755959816966,0.1039386764168739,,,,,0.18352658936425426,0.5905923344947736,0.18352658936425426,0.5905923344947736,0.272557643609223,0.7804878048780488,8343.56830601093,6869.0,41.0,41.0,,,,,,,,,,,,,,,,,,
E2_DK6,queried,doorkey6x6,ppo-cf-queried-perturb,4,0.25,e2_dk6_queried_b0p25,MiniGrid-DoorKey-6x6-v0,doorkey6x6_cf,cf_queried_perturb,1.0,0.5,16,0.02,0.64,0.25,750000,1201.6,3517,944,runs/e2_dk6_queried_b0p25/seed_4,2026-09-11T02:25:55+0800,c7f5f8c,0.98,2007,0.40479877415881416,944.0,944.0,1.0,0.99,0.8013750000000001,78.65,1.608973748981953,0.0060592396766878,0.0740966796875,0.7372185186824374,-0.0066442162496969,0.0041581959812901,629.0,,,,,,,0.0,0.0,0.25,0.25,0.02001953125,0.02001953125,4.441725242861656e-08,1.0151416063308717e-07,0.013068639479267051,0.0279439259320497,0.017224807841855927,0.013741741888225,,,,,0.03773728603796574,0.2142857142857142,0.03773728603796574,0.2142857142857142,0.08983073437291746,0.3902439024390244,8899.644808743169,8334.0,41.0,41.0,,,,,,,,,,,,,,,,,,
E2_DK6,queried,doorkey6x6,ppo-cf-queried-perturb,4,0.75,e2_dk6_queried_b0p75,MiniGrid-DoorKey-6x6-v0,doorkey6x6_cf,cf_queried_perturb,1.0,0.5,16,0.02,0.64,0.75,750000,1169.7,9587,944,runs/e2_dk6_queried_b0p75/seed_4,2026-09-11T03:05:20+0800,c7f5f8c,1.0,8470,0.5237778166272404,944.0,944.0,1.0,1.0,0.9538499999999999,18.46,0.7958965469151735,0.0120918791435542,0.1353759765625,0.7217818082195537,-0.0109221941966097,0.0008067410162766,643.0,,,,,,,0.0,0.0,0.75,0.75,0.02001953125,0.02001953125,6.101747800648976e-08,1.8114224076271057e-07,0.016767393312890216,0.0187264457345008,0.05679632608697344,0.035397995263338,,,,,0.15546162487385995,0.6724738675958188,0.15546162487385995,0.6724738675958188,0.24816739970678398,0.8780487804878049,8471.142076502732,6487.0,41.0,41.0,,,,,,,,,,,,,,,,,,
E2_DK6,queried,doorkey6x6,ppo-cf-queried-perturb,4,1.5,e2_dk6_queried_b1p5,MiniGrid-DoorKey-6x6-v0,doorkey6x6_cf,cf_queried_perturb,1.0,0.5,16,0.02,0.64,1.5,750000,1145.8,14247,944,runs/e2_dk6_queried_b1p5/seed_4,2026-09-11T03:44:18+0800,c7f5f8c,1.0,13427,0.6711042691887146,944.0,944.0,1.0,1.0,0.9616499999999999,15.34,0.5944694001227617,0.0146418774384073,0.1175537109375,0.7419492723291288,-0.0154588803998194,0.0003852625040963,657.0,,,,,,,0.0,0.0,1.5,1.5,0.02001953125,0.02001953125,8.599141110166808e-08,1.8348509911447766e-07,0.01940585197651846,0.0184947494417428,0.09493368668634379,0.0453446023166179,,,,,0.24871003979360634,0.8658536585365854,0.24871003979360634,0.8658536585365854,0.36292149806743973,0.975609756097561,8112.617486338798,5692.0,41.0,41.0,,,,,,,,,,,,,,,,,,
E2_RBD6,distill,redbluedoors6x6,ppo-cf-distilled,0,0.25,e2_rbd6_distill_b0p25,MiniGrid-RedBlueDoors-6x6-v0,redbluedoors6x6_cf,landscape_distill,1.0,0.1,64,0.02,2.56,0.25,1000000,3122.9,16512,11728,runs/e2_rbd6_distill_b0p25/seed_0,2026-09-11T01:46:26+0800,c7f5f8c,1.0,12249,0.3825766237508516,677216.0,763008.0,1.0,1.0,0.9792125,16.63,0.1027388202492147,0.0132833778006897,0.062164306640625,0.9062812695590884,-0.0053178559464868,0.0001448585646812,320.0,,,,,,,0.0,0.0,0.22745901639344263,0.25,1.0,1.0,1.055665223725182e-09,4.4929038267582655e-09,0.0023265024914298923,0.0065000876784324,0.007923434732756605,0.0217422265559434,1.055665223725182e-09,4.4929038267582655e-09,0.0023265024914298923,0.0065000876784324,0.3223139315702291,0.9952090592334496,0.4747672359627578,0.9973867595818816,0.42962814874050376,1.0,98598.91803278688,25274.0,164.0,164.0,3709.6393442622953,4096.0,10168.0,20008.0,0.0021732000791043547,0.0004789525322848,10.0,10.0,1.0034555429206566e-07,2.381766535108909e-07,7.250890598325135e-10,3.18686943501234e-09,0.009234291182632408,0.0011136389803141,0.02901380389287579,0.2812997698783874,0.24490203918432624,0.3597560975609756
E2_RBD6,distill,redbluedoors6x6,ppo-cf-distilled,0,0.75,e2_rbd6_distill_b0p75,MiniGrid-RedBlueDoors-6x6-v0,redbluedoors6x6_cf,landscape_distill,1.0,0.1,64,0.02,2.56,0.75,1000000,3387.6,8718,11728,runs/e2_rbd6_distill_b0p75/seed_0,2026-09-11T03:25:57+0800,c7f5f8c,0.98,4193,0.2263253437508516,836064.0,903600.0,0.99,0.99,0.9512999999999999,26.97,0.4092346159741282,0.0075402302554721,0.06732177734375,0.8636214059588022,-0.0021065939799882,0.0020095573854632,295.0,,,,,,,0.0,0.0,0.6823770491803278,0.75,1.0,1.0,9.343492537049851e-10,1.974512997549027e-09,0.0015405540833569853,0.0037494995631277,0.02162540337589916,0.0196213256567716,9.343492537049851e-10,1.974512997549027e-09,0.0015405540833569853,0.0037494995631277,0.16506254641000734,0.8876306620209059,0.326576512252242,0.921602787456446,0.26279488204718116,0.975609756097561,114494.83606557376,45983.0,164.0,164.0,3709.6393442622953,4096.0,10168.0,20008.0,0.0013196023117952474,0.0036011104704812,10.0,10.0,7.625912351867272e-08,2.295564627274871e-07,6.012430917433479e-10,1.4533725334331391e-09,0.006798512331919969,0.0055579058825969,0.006070317003921763,0.0021755318157374,0.23400639744102356,0.1646341463414634
E2_RBD6,distill,redbluedoors6x6,ppo-cf-distilled,0,1.5,e2_rbd6_distill_b1p5,MiniGrid-RedBlueDoors-6x6-v0,redbluedoors6x6_cf,landscape_distill,1.0,0.1,64,0.02,2.56,1.5,1000000,3778.2,3308,11728,runs/e2_rbd6_distill_b1p5/seed_0,2026-09-11T05:11:59+0800,c7f5f8c,0.0,79,0.018934223750851572,,,0.01,0.13,0.0,362.12,0.6167326997965574,0.0096995578478527,0.092376708984375,0.8051942849016924,-0.005249437293969,2.4099085408124665e-05,264.0,,,,,,,0.0,0.0,1.3647540983606556,1.5,1.0,1.0,6.501387988986398e-10,5.165929906070231e-10,0.0015521460655526507,0.0012311979662626,0.06606619053932483,0.0790104418992996,6.501387988986398e-10,5.165929906070231e-10,0.0015521460655526507,0.0012311979662626,0.0049623007939681085,0.0,0.06341749014679837,0.009581881533101,0.02139144342263093,0.0,132047.31147540984,133589.0,164.0,164.0,3709.6393442622953,4096.0,10168.0,20008.0,0.0004157576374027886,1.231152086234033e-05,10.0,10.0,1.203529034538111e-08,3.05954017676413e-09,4.6224103597604077e-10,4.788489604834466e-10,0.0015067862420481784,0.0001472560834372,-0.01058953416368687,0.0001968610595213,0.1914234306277489,0.0853658536585365
E2_RBD6,distill,redbluedoors6x6,ppo-cf-distilled,1,0.25,e2_rbd6_distill_b0p25,MiniGrid-RedBlueDoors-6x6-v0,redbluedoors6x6_cf,landscape_distill,1.0,0.1,64,0.02,2.56,0.25,1000000,3935.2,17297,4816,runs/e2_rbd6_distill_b0p25/seed_1,2026-09-11T02:22:26+0800,c7f5f8c,1.0,12773,0.35400823325309544,694304.0,753152.0,1.0,1.0,0.9739,20.88,0.125774041051045,0.038794438005425,0.08795166015625,0.5417559549548924,-0.0018189808906754,0.0011135625099996,254.0,,,,,,,0.0,0.0,0.22745901639344263,0.25,1.0,1.0,1.2191981486317733e-09,4.380808604764752e-09,0.002546851220731498,0.0080529358237981,0.008362552076654423,0.0110734459012746,1.2191981486317733e-09,4.380808604764752e-09,0.002546851220731498,0.0080529358237981,0.3142957102873137,0.9786585365853658,0.4811146969783515,0.9804006968641116,0.41023590563774487,1.0,96795.52459016393,34329.0,164.0,164.0,3709.6393442622953,4096.0,10168.0,20008.0,0.002046870108711441,0.0002031211319263,10.0,10.0,9.631781297491111e-08,2.2694803192280238e-07,8.036075266064755e-10,2.2432686819229275e-09,0.00785117420142695,0.0033036018721759,0.03921949304067759,0.1556119322776794,0.22560975609756098,0.2073170731707317
E2_RBD6,distill,redbluedoors6x6,ppo-cf-distilled,1,0.75,e2_rbd6_distill_b0p75,MiniGrid-RedBlueDoors-6x6-v0,redbluedoors6x6_cf,landscape_distill,1.0,0.1,64,0.02,2.56,0.75,1000000,4942.2,3112,4816,runs/e2_rbd6_distill_b0p75/seed_1,2026-09-11T04:49:38+0800,c7f5f8c,0.0,62,0.01480359325309546,,,0.0,0.11,0.0,381.71,0.5458407793194056,0.0039751867006998,0.04913330078125,0.6619417193046295,-0.0008341666325577,1.2006035063905074e-05,202.0,,,,,,,0.0,0.0,0.6823770491803278,0.75,1.0,1.0,4.3056816400062643e-10,3.6646952139562927e-10,0.0012613495537003032,0.0007916980539448,0.03897600371741732,0.0228527337312698,4.3056816400062643e-10,3.6646952139562927e-10,0.0012613495537003032,0.0007916980539448,0.003976980636316887,0.0,0.05623464899754379,0.0117595818815331,0.017293082766893234,0.0,133152.26229508198,133790.0,164.0,164.0,3709.6393442622953,4096.0,10168.0,20008.0,0.000402958944595325,4.7348692930881965e-07,10.0,10.0,7.95525990437609e-09,2.3853203856560867e-09,3.616198196989332e-10,3.665689973786357e-10,0.0012538157793865494,7.192522753030062e-05,0.014521836919603168,0.1011478155851364,0.21591363454618148,0.2317073170731707
E2_RBD6,distill,redbluedoors6x6,ppo-cf-distilled,1,1.5,e2_rbd6_distill_b1p5,MiniGrid-RedBlueDoors-6x6-v0,redbluedoors6x6_cf,landscape_distill,1.0,0.1,64,0.02,2.56,1.5,1000000,5138.6,3446,4816,runs/e2_rbd6_distill_b1p5/seed_1,2026-09-11T10:21:51+0800,c7f5f8c,0.0,103,0.025333433253095464,,,0.04,0.16,0.0,356.88,0.5216075740754604,0.0046154402734828,0.0576171875,0.8177195667041663,-0.0053928265115246,0.0001144986982808,194.0,,,,,,,0.0,0.0,1.3647540983606556,1.5,1.0,1.0,8.488519177180784e-10,9.258371846954103e-10,0.0015981523224655933,0.0011384090175852,0.05607815986865609,0.0546430237591266,8.488519177180784e-10,9.258371846954103e-10,0.0015981523224655933,0.0011384090175852,0.006326041012166533,0.0,0.07994659279145477,0.041376306620209,0.027988804478208677,0.0,131131.26229508198,137926.0,164.0,164.0,3709.6393442622953,4096.0,10168.0,20008.0,0.00047262032769956105,3.1308965446896764e-06,10.0,10.0,1.635528338990785e-08,3.81543063809886e-09,5.342101988457007e-10,6.22321749688126e-10,0.0015447697310935126,0.0001357683795504,-0.0008250419374891197,0.0634196326136589,0.19972011195521788,0.1768292682926829
E2_RBD6,distill,redbluedoors6x6,ppo-cf-distilled,2,0.25,e2_rbd6_distill_b0p25,MiniGrid-RedBlueDoors-6x6-v0,redbluedoors6x6_cf,landscape_distill,1.0,0.1,64,0.02,2.56,0.25,1000000,3913.9,24872,5168,runs/e2_rbd6_distill_b0p25/seed_2,2026-09-11T02:26:50+0800,c7f5f8c,1.0,21463,0.4853771375085929,538816.0,616368.0,1.0,1.0,0.9796125000000001,16.31,0.052951795165427,0.0151681902534619,0.029205322265625,0.8875467841059169,-0.0029105366265866,0.0001405425714438,255.0,,,,,,,0.0,0.0,0.22745901639344263,0.25,1.0,1.0,1.7725022032999598e-09,2.487979600118706e-09,0.0033310843501850205,0.0062627610750496,0.009256849389859106,0.0111681958660483,1.7725022032999598e-09,2.487979600118706e-09,0.0033310843501850205,0.0062627610750496,0.4414020106243218,0.993466898954704,0.5646669903467184,0.993466898954704,0.5194922031187524,1.0,85017.6393442623,25007.0,164.0,164.0,3709.6393442622953,4096.0,10168.0,20008.0,0.0014922653759669934,7.399545356747694e-05,10.0,10.0,1.2426631643546018e-07,2.7019814297091216e-07,1.2623372948032514e-09,1.9421122487983662e-09,0.006607165394091293,0.0006501704338006,0.061863785904458124,-0.0395058318972587,0.27618952419032383,0.274390243902439
E2_RBD6,distill,redbluedoors6x6,ppo-cf-distilled,2,0.75,e2_rbd6_distill_b0p75,MiniGrid-RedBlueDoors-6x6-v0,redbluedoors6x6_cf,landscape_distill,1.0,0.1,64,0.02,2.56,0.75,1000000,4932.3,3466,5168,runs/e2_rbd6_distill_b0p75/seed_2,2026-09-11T04:54:22+0800,c7f5f8c,0.07,179,0.04864441750859291,,,0.22,0.38,0.05455,307.6,0.9240020327270032,0.0074605459230951,0.101043701171875,0.7198953334202959,-0.0064406168530695,0.0001405256439284,202.0,,,,,,,0.0,0.0,0.6823770491803278,0.75,1.0,1.0,7.082391795072491e-10,1.1186784831807015e-09,0.0013047091321271148,0.0012915477855131,0.025459798434596528,0.0388052836060524,7.082391795072491e-10,1.1186784831807015e-09,0.0013047091321271148,0.0012915477855131,0.010253041640486618,0.0,0.08158879305420685,0.0513937282229965,0.04348260695721707,0.0,131666.7868852459,131184.0,164.0,164.0,3709.6393442622953,4096.0,10168.0,20008.0,0.0004619895842111724,0.0003081624672631,10.0,10.0,2.78679852236624e-08,1.4901161193847656e-08,4.504430926615777e-10,4.1154635255225e-10,0.002392024885801943,0.001581686665304,-0.006944885315205588,-0.0055481037124991,0.24440223910435818,0.3048780487804878
E2_RBD6,distill,redbluedoors6x6,ppo-cf-distilled,2,1.5,e2_rbd6_distill_b1p5,MiniGrid-RedBlueDoors-6x6-v0,redbluedoors6x6_cf,landscape_distill,1.0,0.1,64,0.02,2.56,1.5,1000000,5323.1,3026,5168,runs/e2_rbd6_distill_b1p5/seed_2,2026-09-11T10:24:55+0800,c7f5f8c,0.0,38,0.011371217508592917,,,0.04,0.15,0.0,364.54,0.8575155939906836,0.0041088178259087,0.05133056640625,0.6518471750413792,-0.0042593059479258,2.955486735345403e-05,188.0,,,,,,,0.0,0.0,1.3647540983606556,1.5,1.0,1.0,4.374924612018164e-10,4.880007509200367e-10,0.0009618563330388278,0.0007154332124628,0.05194462041874397,0.0412662252783775,4.374924612018164e-10,4.880007509200367e-10,0.0009618563330388278,0.0007154332124628,0.0025632604101216527,0.0004355400696864,0.049608727937396416,0.0200348432055749,0.012794882047181112,0.0060975609756097,132421.47540983607,131290.0,164.0,164.0,3709.6393442622953,4096.0,10168.0,20008.0,0.00021524225025136315,3.4178311807409045e-06,10.0,10.0,8.970283328521612e-09,2.648448571562767e-09,3.434791540444092e-10,3.3651303965598345e-10,0.0007480333648553883,0.0001565916463732,0.01820283000391801,0.0236159469932317,0.19312275089964015,0.1402439024390244
E2_RBD6,distill,redbluedoors6x6,ppo-cf-distilled,3,0.25,e2_rbd6_distill_b0p25,MiniGrid-RedBlueDoors-6x6-v0,redbluedoors6x6_cf,landscape_distill,1.0,0.1,64,0.02,2.56,0.25,1000000,4258.6,8350,11344,runs/e2_rbd6_distill_b0p25/seed_3,2026-09-11T03:18:01+0800,c7f5f8c,0.9,2362,0.12547928665895405,903648.0,991664.0,0.9,1.0,0.8670625,28.69,0.9929936230182648,0.0105655633014976,0.14105224609375,0.89306438585896,-0.0072007554699666,0.0052800261764787,234.0,,,,,,,0.0,0.0,0.22745901639344263,0.25,1.0,1.0,4.726241401885254e-10,2.1218511392362416e-09,0.001172954442750487,0.0052272537723183,0.009207883635993817,0.0097167156636714,4.726241401885254e-10,2.1218511392362416e-09,0.001172954442750487,0.0052272537723183,0.103394356543097,0.7508710801393729,0.3029145484663277,0.8118466898954704,0.17293082766893236,0.9207317073170732,116832.4918032787,68729.0,164.0,164.0,3709.6393442622953,4096.0,10168.0,20008.0,0.0010504303264116392,0.0044991066679358,10.0,10.0,5.3299565300475195e-08,2.773158485069871e-07,3.3315461864656784e-10,1.2978489394299684e-09,0.0060009058177485945,0.01761613227427,0.006014708087962791,0.0180087350308895,0.22411035585765693,0.2865853658536585
E2_RBD6,distill,redbluedoors6x6,ppo-cf-distilled,3,0.75,e2_rbd6_distill_b0p75,MiniGrid-RedBlueDoors-6x6-v0,redbluedoors6x6_cf,landscape_distill,1.0,0.1,64,0.02,2.56,0.75,1000000,4614.6,4237,11344,runs/e2_rbd6_distill_b0p75/seed_3,2026-09-11T05:54:32+0800,c7f5f8c,0.29,559,0.10229472665895405,,,0.33,0.94,0.2651375,117.79,1.162177957594395,0.0134967795202101,0.1461181640625,0.9056100411433629,-0.0001672081998549,0.0017561125132488,216.0,,,,,,,0.0,0.0,0.6823770491803278,0.75,1.0,1.0,6.66773303237278e-10,6.693881005048752e-10,0.0012683348709213017,0.001211485476233,0.026475689412079343,0.0144810006022453,6.66773303237278e-10,6.693881005048752e-10,0.0012683348709213017,0.001211485476233,0.03337950534072081,0.1145470383275261,0.13743074198891866,0.3719512195121951,0.08096761295481805,0.1890243902439024,128457.26229508196,112752.0,164.0,164.0,3709.6393442622953,4096.0,10168.0,20008.0,0.0004941077341448711,0.0010177281103096,10.0,10.0,5.2798297668336775e-08,1.387670636177063e-07,4.064094780199516e-10,3.4378899727016687e-10,0.0031790824179521826,0.0064883474260568,0.006770640957077628,-0.0130240144208073,0.2136145541783286,0.2195121951219512
E2_RBD6,distill,redbluedoors6x6,ppo-cf-distilled,3,1.5,e2_rbd6_distill_b1p5,MiniGrid-RedBlueDoors-6x6-v0,redbluedoors6x6_cf,landscape_distill,1.0,0.1,64,0.02,2.56,1.5,1000000,5038.4,3204,11344,runs/e2_rbd6_distill_b1p5/seed_3,2026-09-11T10:20:11+0800,c7f5f8c,0.01,56,0.016623206658954053,,,0.04,0.23,0.0093125,326.19,0.8486295975744724,0.0086306614339264,0.11407470703125,0.6814187722480347,-0.0080808192069525,0.0001163740590754,198.0,,,,,,,0.0,0.0,1.3647540983606556,1.5,1.0,1.0,5.198109338231066e-10,7.057678885757922e-10,0.0009893369889573394,0.0013726577162742,0.060277986279154365,0.1020881384611129,5.198109338231066e-10,7.057678885757922e-10,0.0009893369889573394,0.0013726577162742,0.004312560690009687,0.0,0.0565273890443822,0.041376306620209,0.01929228308676526,0.0,132127.49180327868,132221.0,164.0,164.0,3709.6393442622953,4096.0,10168.0,20008.0,0.0002149585233598769,7.446424837098675e-05,10.0,10.0,1.5705784738325062e-08,4.081812221556902e-09,3.7237820841434517e-10,4.579874257615302e-10,0.0012482742279897264,0.0003008873900398,-0.007265063701197499,0.0315095856785774,0.18732506997201118,0.2256097560975609
E2_RBD6,distill,redbluedoors6x6,ppo-cf-distilled,4,0.25,e2_rbd6_distill_b0p25,MiniGrid-RedBlueDoors-6x6-v0,redbluedoors6x6_cf,landscape_distill,1.0,0.1,64,0.02,2.56,0.25,1000000,5003.5,2746,19088,runs/e2_rbd6_distill_b0p25/seed_4,2026-09-11T05:08:22+0800,c7f5f8c,0.02,15,0.005426072707712155,,,0.25,0.2,0.011049999999999999,358.7,1.574296951293945,0.0066230243519385,0.062347412109375,0.3007335451718603,-0.0038443387602455,3.204231575182348e-05,199.0,,,,,,,0.0,0.0,0.22745901639344263,0.25,1.0,1.0,2.7194637070471025e-10,2.9831426218152046e-10,0.0005861243822794591,0.0002229717938462,0.013650971392291692,0.0077462634071707,2.7194637070471025e-10,2.9831426218152046e-10,0.0005861243822794591,0.0002229717938462,0.0010495801679328146,0.0013066202090592,0.028488604558176686,0.0431184668989547,0.005197920831667314,0.0121951219512195,133818.1475409836,133030.0,164.0,164.0,3709.6393442622953,4096.0,10168.0,20008.0,0.00016158703341282693,4.9503089803693e-05,10.0,10.0,6.875079187190496e-09,8.381903171539307e-09,1.9968627116139062e-10,1.4233592082746327e-10,0.0014398381110188692,0.0011627137428149,-0.0018751558219846,0.0038155142683535,0.18582566973210707,0.1341463414634146
E2_RBD6,distill,redbluedoors6x6,ppo-cf-distilled,4,0.75,e2_rbd6_distill_b0p75,MiniGrid-RedBlueDoors-6x6-v0,redbluedoors6x6_cf,landscape_distill,1.0,0.1,64,0.02,2.56,0.75,1000000,4651.7,3081,19088,runs/e2_rbd6_distill_b0p75/seed_4,2026-09-11T07:38:14+0800,c7f5f8c,0.01,61,0.019943752707712155,,,0.06,0.45,0.0055000000000000005,276.2,1.2559001967310903,0.0066948953590326,0.092498779296875,0.4354404900569379,-0.0074506692762952,4.930973432237806e-05,215.0,,,,,,,0.0,0.0,0.6823770491803278,0.75,1.0,1.0,3.924451000963674e-10,3.6976643968955614e-10,0.0010249994406056262,0.0006898007122799,0.03610019201076906,0.0434623695909976,3.924451000963674e-10,3.6976643968955614e-10,0.0010249994406056262,0.0006898007122799,0.003612840578054459,0.0039198606271777,0.05550636888101898,0.0640243902439024,0.017193122750899608,0.024390243902439,132454.7213114754,132238.0,164.0,164.0,3709.6393442622953,4096.0,10168.0,20008.0,0.0002621334349400565,7.89722550962324e-05,10.0,10.0,1.2959394140688212e-08,2.3006577976047996e-08,3.1447083916854816e-10,1.3096723705530167e-10,0.0014679812018465162,0.0009593302384018,-0.0011066504235028246,0.07084871083498,0.1868252698920431,0.2682926829268293
E2_RBD6,distill,redbluedoors6x6,ppo-cf-distilled,4,1.5,e2_rbd6_distill_b1p5,MiniGrid-RedBlueDoors-6x6-v0,redbluedoors6x6_cf,landscape_distill,1.0,0.1,64,0.02,2.56,1.5,1000000,4942.0,2587,19088,runs/e2_rbd6_distill_b1p5/seed_4,2026-09-11T10:18:35+0800,c7f5f8c,0.0,7,0.0025228727077121547,,,0.08,0.04,0.0,388.39,0.8700827788561583,0.0055626152388867,0.0694580078125,0.7086281821937308,-0.0031013307670946,3.3320829345484526e-05,202.0,,,,,,,0.0,0.0,1.3647540983606556,1.5,1.0,1.0,5.088567818478116e-10,3.3787728170864284e-10,0.0009631653646479917,0.0005761934444308,0.051145218602824366,0.0427774116396904,5.088567818478116e-10,3.3787728170864284e-10,0.0009631653646479917,0.0005761934444308,0.0006711601073856083,0.0,0.013637402181984299,0.0065331010452961,0.0035985605757696834,0.0,134045.47540983607,132950.0,164.0,164.0,3709.6393442622953,4096.0,10168.0,20008.0,0.00013276158825519226,3.404905942261393e-06,10.0,10.0,6.553565064033122e-09,3.725290298461914e-09,4.5580011895954605e-10,3.3833202905952925e-10,0.0009377476855631117,0.0002750481653492,-0.009851810389203608,0.0796459838747978,0.18432626949220307,0.2134146341463414
E2_RBD6,queried,redbluedoors6x6,ppo-cf-queried-perturb,0,0.25,e2_rbd6_queried_b0p25,MiniGrid-RedBlueDoors-6x6-v0,redbluedoors6x6_cf,cf_queried_perturb,1.0,0.1,64,0.02,2.56,0.25,1000000,2859.5,21021,11728,runs/e2_rbd6_queried_b0p25/seed_0,2026-09-11T00:54:23+0800,c7f5f8c,0.92,17424,0.5392932566038239,473968.0,531536.0,0.92,0.98,0.9004375,24.25,0.1030275719240307,0.0182658082958369,0.046478271484375,0.994583530662436,-0.0034086141531588,0.0004640566130547,350.0,,,,,,,0.0,0.0,0.25,0.25,0.02001953125,0.02001953125,1.303768610740485e-07,2.5200642994605005e-07,0.03201579248349438,0.033169824630022,0.019265103558475317,0.0036936902906745,,,,,0.4139415662306506,0.7717770034843205,0.5339792654366824,0.8105400696864111,0.5517792882846861,0.9085365853658536,89620.26229508196,49465.0,164.0,164.0,,,,,,,,,,,,,,,,,,
E2_RBD6,queried,redbluedoors6x6,ppo-cf-queried-perturb,0,0.75,e2_rbd6_queried_b0p75,MiniGrid-RedBlueDoors-6x6-v0,redbluedoors6x6_cf,cf_queried_perturb,1.0,0.1,64,0.02,2.56,0.75,1000000,2582.6,27716,11728,runs/e2_rbd6_queried_b0p75/seed_0,2026-09-11T02:29:29+0800,c7f5f8c,1.0,24339,0.559507362922608,466544.0,509040.0,1.0,1.0,0.9762000000000001,19.04,0.1275301054120063,0.0288298031373415,0.08935546875,0.6720275123096413,-0.0113028415653388,0.0003891002679665,387.0,,,,,,,0.0,0.0,0.75,0.75,0.02001953125,0.02001953125,1.3932314414723508e-07,2.08544861379778e-07,0.029504902584508757,0.0231649409979581,0.061017309010150934,0.0506704337894916,,,,,0.5004641000742559,0.987369337979094,0.6181098988975839,0.9882404181184667,0.6031587365053978,0.9939024390243902,78211.98360655738,29577.0,164.0,164.0,,,,,,,,,,,,,,,,,,
E2_RBD6,queried,redbluedoors6x6,ppo-cf-queried-perturb,0,1.5,e2_rbd6_queried_b1p5,MiniGrid-RedBlueDoors-6x6-v0,redbluedoors6x6_cf,cf_queried_perturb,1.0,0.1,64,0.02,2.56,1.5,1000000,2583.7,28138,11728,runs/e2_rbd6_queried_b1p5/seed_0,2026-09-11T04:09:00+0800,c7f5f8c,1.0,25242,0.5665710836040747,475152.0,531648.0,1.0,1.0,0.9806374999999999,15.49,0.0485428145620971,0.0150850716436252,0.024932861328125,0.8982997766912589,-0.0047024673403939,0.0001022269777877,387.0,,,,,,,0.0,0.0,1.5,1.5,0.02001953125,0.02001953125,1.4040807627679897e-07,2.136180228262674e-07,0.02703582226741505,0.0222548749297857,0.11778537011476323,0.0782259851694107,,,,,0.5128591420574627,0.9917247386759582,0.6266707602673216,0.992595818815331,0.6061575369852058,1.0,78664.65573770492,25011.0,164.0,164.0,,,,,,,,,,,,,,,,,,
E2_RBD6,queried,redbluedoors6x6,ppo-cf-queried-perturb,1,0.25,e2_rbd6_queried_b0p25,MiniGrid-RedBlueDoors-6x6-v0,redbluedoors6x6_cf,cf_queried_perturb,1.0,0.1,64,0.02,2.56,0.25,1000000,4206.1,12311,4816,runs/e2_rbd6_queried_b0p25/seed_1,2026-09-11T01:16:50+0800,c7f5f8c,1.0,8402,0.33285480176519194,721040.0,797504.0,1.0,1.0,0.9751625,19.87,0.1976679149083793,0.0247116973223455,0.082305908203125,0.7838784373881842,-0.0046195213362807,0.0005282975980662,238.0,,,,,,,0.0,0.0,0.25,0.25,0.02001953125,0.02001953125,7.991504562652586e-08,2.0657421373471155e-07,0.02242225476494818,0.0221665482968091,0.0266665437060301,0.0171365719288587,,,,,0.2541626206660193,0.997822299651568,0.4099574455931912,0.9995644599303136,0.35085965613754494,1.0,106102.68852459016,27380.0,164.0,164.0,,,,,,,,,,,,,,,,,,
E2_RBD6,queried,redbluedoors6x6,ppo-cf-queried-perturb,1,0.75,e2_rbd6_queried_b0p75,MiniGrid-RedBlueDoors-6x6-v0,redbluedoors6x6_cf,cf_queried_perturb,1.0,0.1,64,0.02,2.56,0.75,1000000,3889.6,19455,4816,runs/e2_rbd6_queried_b0p75/seed_1,2026-09-11T03:27:16+0800,c7f5f8c,1.0,15977,0.42378022189959486,628960.0,692768.0,1.0,1.0,0.9792875000000001,16.57,0.0958017003722488,0.0163490512204589,0.046966552734375,0.7690146835965368,0.000362856691936,0.0003093218724643,257.0,,,,,,,0.0,0.0,0.75,0.75,0.02001953125,0.02001953125,1.0470885628864544e-07,2.131178007402923e-07,0.024900006863181664,0.0242621526122093,0.06860039141945172,0.0179033856838941,,,,,0.3518806763009082,0.980836236933798,0.4822285371565659,0.980836236933798,0.45371851259496193,1.0,96214.34426229508,26765.0,164.0,164.0,,,,,,,,,,,,,,,,,,
E2_RBD6,queried,redbluedoors6x6,ppo-cf-queried-perturb,1,1.5,e2_rbd6_queried_b1p5,MiniGrid-RedBlueDoors-6x6-v0,redbluedoors6x6_cf,cf_queried_perturb,1.0,0.1,64,0.02,2.56,1.5,1000000,3225.4,30736,4816,runs/e2_rbd6_queried_b1p5/seed_1,2026-09-11T05:43:24+0800,c7f5f8c,1.0,28322,0.6318324651506705,406896.0,473024.0,1.0,1.0,0.9788250000000001,16.94,0.119136992841959,0.0132166533076087,0.0604248046875,0.7906425496705263,-0.0049134365835925,0.0004058315726069,310.0,,,,,,,0.0,0.0,1.5,1.5,0.02001953125,0.02001953125,1.4766806205510665e-07,2.268509433633881e-07,0.027094720252102474,0.0284570008516311,0.09972987733170631,0.0469938144087791,,,,,0.5721068715370995,0.9782229965156796,0.6603572856571658,0.980836236933798,0.6615353858456617,1.0,73482.4918032787,29948.0,164.0,164.0,,,,,,,,,,,,,,,,,,
E2_RBD6,queried,redbluedoors6x6,ppo-cf-queried-perturb,2,0.25,e2_rbd6_queried_b0p25,MiniGrid-RedBlueDoors-6x6-v0,redbluedoors6x6_cf,cf_queried_perturb,1.0,0.1,64,0.02,2.56,0.25,1000000,4491.0,9439,5168,runs/e2_rbd6_queried_b0p25/seed_2,2026-09-11T01:21:35+0800,c7f5f8c,1.0,5864,0.25096054231980647,795600.0,858752.0,1.0,1.0,0.976725,18.62,0.1961022135801613,0.0070366925792768,0.046539306640625,0.8335945426379427,-0.0052328220190247,0.0002874459210033,222.0,,,,,,,0.0,0.0,0.25,0.25,0.02001953125,0.02001953125,6.513944187690122e-08,2.0372681319713598e-07,0.018953727638409964,0.0247348807752132,0.02250723094206116,0.0097506940364837,,,,,0.1842477294796367,0.9969512195121952,0.30619180899068943,0.997822299651568,0.27409036385445823,1.0,114861.39344262295,30739.0,164.0,164.0,,,,,,,,,,,,,,,,,,
E2_RBD6,queried,redbluedoors6x6,ppo-cf-queried-perturb,2,0.75,e2_rbd6_queried_b0p75,MiniGrid-RedBlueDoors-6x6-v0,redbluedoors6x6_cf,cf_queried_perturb,1.0,0.1,64,0.02,2.56,0.75,1000000,3920.2,20696,5168,runs/e2_rbd6_queried_b0p75/seed_2,2026-09-11T03:32:10+0800,c7f5f8c,1.0,17399,0.4413767413680926,605088.0,651392.0,1.0,1.0,0.9738125,20.95,0.1427295757457614,0.1328577239892183,0.116851806640625,0.6288579637207407,-0.0095062756445258,0.0010566293603915,255.0,,,,,,,0.0,0.0,0.75,0.75,0.02001953125,0.02001953125,1.1030863357168304e-07,2.455974481563317e-07,0.024618765430860792,0.0319654494524002,0.0749959865371223,0.0330912992358207,,,,,0.39202176272348194,0.9590592334494772,0.5129305420688868,0.9612369337979094,0.4777089164334266,1.0,91471.59016393442,35476.0,164.0,164.0,,,,,,,,,,,,,,,,,,
E2_RBD6,queried,redbluedoors6x6,ppo-cf-queried-perturb,2,1.5,e2_rbd6_queried_b1p5,MiniGrid-RedBlueDoors-6x6-v0,redbluedoors6x6_cf,cf_queried_perturb,1.0,0.1,64,0.02,2.56,1.5,1000000,4579.6,7776,5168,runs/e2_rbd6_queried_b1p5/seed_2,2026-09-11T06:10:42+0800,c7f5f8c,1.0,3925,0.238247873207638,815392.0,899440.0,1.0,1.0,0.970475,23.62,0.4703151518478989,0.0112368918180436,0.110992431640625,0.7493024171299963,-0.013055661402177,0.0007109671805665,218.0,,,,,,,0.0,0.0,1.5,1.5,0.02001953125,0.02001953125,5.92818785245057e-08,1.8990249373018747e-07,0.019036100093336335,0.0259883236140012,0.16601543226202975,0.0746810659766197,,,,,0.15268178442908548,0.992595818815331,0.2932469869195179,0.992595818815331,0.2506997201119552,1.0,117157.29508196721,35001.0,164.0,164.0,,,,,,,,,,,,,,,,,,
E2_RBD6,queried,redbluedoors6x6,ppo-cf-queried-perturb,3,0.25,e2_rbd6_queried_b0p25,MiniGrid-RedBlueDoors-6x6-v0,redbluedoors6x6_cf,cf_queried_perturb,1.0,0.1,64,0.02,2.56,0.25,1000000,3735.8,18986,11344,runs/e2_rbd6_queried_b0p25/seed_3,2026-09-11T02:07:02+0800,c7f5f8c,0.99,14922,0.378900940283927,661488.0,732112.0,0.99,1.0,0.9700749999999999,18.72,0.1041314592584967,0.0119400353396486,0.04632568359375,0.9940828165951028,-0.0046806882164673,0.0003543504626577,268.0,,,,,,,0.0,0.0,0.25,0.25,0.02001953125,0.02001953125,9.95340052273217e-08,2.097318656524294e-07,0.02364961260196856,0.0312313959002494,0.02427239076722959,0.0044280807487666,,,,,0.33183155309304846,0.813588850174216,0.45936625349860055,0.8593205574912892,0.42383046781287487,0.945121951219512,96805.90163934426,43241.0,164.0,164.0,,,,,,,,,,,,,,,,,,
E2_RBD6,queried,redbluedoors6x6,ppo-cf-queried-perturb,3,0.75,e2_rbd6_queried_b0p75,MiniGrid-RedBlueDoors-6x6-v0,redbluedoors6x6_cf,cf_queried_perturb,1.0,0.1,64,0.02,2.56,0.75,1000000,4776.6,3340,11408,runs/e2_rbd6_queried_b0p75/seed_3,2026-09-11T04:37:38+0800,c7f5f8c,0.14,173,0.037994462101253304,,,0.26,0.91,0.1127,140.96,1.6675942353904247,0.0052979245447204,0.058502197265625,0.5331431331022849,-0.0038959247831371,0.00208049651701,209.0,,,,,,,0.0,0.0,0.75,0.75,0.02001953125,0.02001953125,2.196939618204583e-08,7.986091077327728e-08,0.005771264070301405,0.0236362032592296,0.09372582749204066,0.0632569417357444,,,,,0.01090278174444505,0.0940766550522648,0.07317073170731704,0.3201219512195122,0.03738504598160732,0.2195121951219512,132485.31147540984,119727.0,164.0,164.0,,,,,,,,,,,,,,,,,,
E2_RBD6,queried,redbluedoors6x6,ppo-cf-queried-perturb,3,1.5,e2_rbd6_queried_b1p5,MiniGrid-RedBlueDoors-6x6-v0,redbluedoors6x6_cf,cf_queried_perturb,1.0,0.1,64,0.02,2.56,1.5,1000000,3762.8,16930,12208,runs/e2_rbd6_queried_b1p5/seed_3,2026-09-11T06:57:15+0800,c7f5f8c,1.0,12522,0.349256641143315,675984.0,748864.0,1.0,1.0,0.9630124999999999,29.59,0.1132882265374064,0.069772957918758,0.090301513671875,0.3214035764582527,0.0060578828997677,0.0018364768839091,265.0,,,,,,,0.0,0.0,1.5,1.5,0.02001953125,0.02001953125,9.512200496128124e-08,2.1210067302490645e-07,0.023851006471200756,0.0517215728759765,0.13226272367307398,0.0234854742884635,,,,,0.30842662934826065,0.8205574912891986,0.4499057519849204,0.8205574912891986,0.39954018392642937,0.9939024390243902,98800.7868852459,53985.0,164.0,164.0,,,,,,,,,,,,,,,,,,
E2_RBD6,queried,redbluedoors6x6,ppo-cf-queried-perturb,4,0.25,e2_rbd6_queried_b0p25,MiniGrid-RedBlueDoors-6x6-v0,redbluedoors6x6_cf,cf_queried_perturb,1.0,0.1,64,0.02,2.56,0.25,1000000,5144.0,2908,15168,runs/e2_rbd6_queried_b0p25/seed_4,2026-09-11T03:44:58+0800,c7f5f8c,0.0,24,0.008121926729275478,,,0.1,0.28,0.0,346.43,1.4868152774870396,0.0046590557867602,0.05615234375,0.0301692481752523,-0.0062038511387072,1.0986391401957007e-05,194.0,,,,,,,0.0,0.0,0.25,0.25,0.02001953125,0.02001953125,7.719567382410474e-09,1.30385160446167e-08,0.003439781911571874,0.001443485612981,0.026768689074355027,0.0423051565885543,,,,,0.0026346604215456413,0.002177700348432,0.0443322670931627,0.0871080139372822,0.013594562175129917,0.0060975609756097,132862.50819672132,132909.0,164.0,164.0,,,,,,,,,,,,,,,,,,
E2_RBD6,queried,redbluedoors6x6,ppo-cf-queried-perturb,4,0.75,e2_rbd6_queried_b0p75,MiniGrid-RedBlueDoors-6x6-v0,redbluedoors6x6_cf,cf_queried_perturb,1.0,0.1,64,0.02,2.56,0.75,1000000,4339.8,10715,11200,runs/e2_rbd6_queried_b0p75/seed_4,2026-09-11T06:20:42+0800,c7f5f8c,1.0,6775,0.24762251512258995,797568.0,865840.0,1.0,1.0,0.9773249999999999,18.14,0.1374805304221809,0.0177991621712862,0.0572509765625,0.8065609645112564,-0.0058138514868915,0.0002839136654984,230.0,,,,,,,0.0,0.0,0.75,0.75,0.02001953125,0.02001953125,6.720513311609197e-08,2.437842567815096e-07,0.020086366530568826,0.0241912174969911,0.08406482414021837,0.0190668422728776,,,,,0.19485063117610096,0.995644599303136,0.3260195921631347,0.9991289198606272,0.2759896041583367,1.0,111915.11475409837,26386.0,164.0,164.0,,,,,,,,,,,,,,,,,,
E2_RBD6,queried,redbluedoors6x6,ppo-cf-queried-perturb,4,1.5,e2_rbd6_queried_b1p5,MiniGrid-RedBlueDoors-6x6-v0,redbluedoors6x6_cf,cf_queried_perturb,1.0,0.1,64,0.02,2.56,1.5,1000000,4671.9,3835,11616,runs/e2_rbd6_queried_b1p5/seed_4,2026-09-11T08:56:06+0800,c7f5f8c,0.09,153,0.03564960785462021,,,0.13,0.86,0.0615125,164.69,1.573646169155836,0.0072218288642034,0.100250244140625,0.5940936371199557,-0.004949389702233,0.0008929564919526,214.0,,,,,,,0.0,0.0,1.5,1.5,0.02001953125,0.02001953125,1.9310406417792022e-08,4.121102392673493e-08,0.006104213063467664,0.0075098993256688,0.1951867108706568,0.1680568307638168,,,,,0.009446221511395398,0.0304878048780487,0.11964499914319983,0.3144599303135889,0.04038384646141539,0.0792682926829268,130084.54098360655,125130.0,164.0,164.0,,,,,,,,,,,,,,,,,,
E2_TAXI,distill,taxi,ppo-cf-distilled,0,0.25,e2_taxi_distill_b0p25,Taxi-v4,taxi_cf,landscape_distill,1.0,0.5,32,0.02,1.28,0.25,1000000,386.8,7182,50832,runs/e2_taxi_distill_b0p25/seed_0,2026-09-11T00:19:09+0800,c7f5f8c,0.56,3366,0.37379656,461856.0,,0.0,0.0,-117.58,122.32,0.4721612725406885,6.883965397719294e-09,0.0,0.5195948006745847,0.0008080801926553,163.516619682312,2615.0,,,,,,,0.0,0.0,0.23565573770491804,0.25,1.0,1.0,6.788541325432397e-07,1.475214958190918e-06,2.9284680413116115,8.221650123596191,0.024723037766158102,0.0400996059179306,6.788541325432397e-07,1.475214958190918e-06,2.9284680413116115,8.221650123596191,1.0,1.0,0.1267844945355191,0.1458333333333333,1.0,1.0,7094.0942622950815,6877.0,20.0,20.0,3670.44262295082,4096.0,9780.0,19520.0,22.11765943416318,21.517581748962403,10.0,10.0,1.470551474905405e-05,8.665025234222412e-06,5.384620739963883e-07,1.1473894119262695e-06,0.6207279034768094,0.3630203306674957,0.688832382260503,0.5723749399185181,0.2923155737704918,0.7
E2_TAXI,distill,taxi,ppo-cf-distilled,0,0.75,e2_taxi_distill_b0p75,Taxi-v4,taxi_cf,landscape_distill,1.0,0.5,32,0.02,1.28,0.75,1000000,401.1,5436,50832,runs/e2_taxi_distill_b0p75/seed_0,2026-09-11T00:31:52+0800,c7f5f8c,0.4,994,0.16103808000000003,782528.0,,0.0,0.0,-183.32,162.11,1.1303024142980576,1.006992533802986e-08,0.0,0.804526568758274,0.0015050421643536,90.49955415725708,2530.0,,,,,,,0.0,0.0,0.7069672131147541,0.75,1.0,1.0,5.474102820579767e-07,6.249174475669861e-07,2.1287972321034863,3.051275968551636,0.10169495896116129,0.10182785987854,5.474102820579767e-07,6.249174475669861e-07,2.1287972321034863,3.051275968551636,1.0,1.0,0.03673155737704917,0.1125,1.0,1.0,7522.768442622951,7156.0,20.0,20.0,3670.44262295082,4096.0,9780.0,19520.0,18.256035171284296,28.24769954681397,10.0,10.0,1.7439306247979403e-05,7.82310962677002e-06,3.983304701310384e-07,5.364418029785156e-07,0.5803499170426341,1.0970380306243896,0.7868112518650586,0.5565945506095886,0.23043032786885245,0.2
E2_TAXI,distill,taxi,ppo-cf-distilled,0,1.5,e2_taxi_distill_b1p5,Taxi-v4,taxi_cf,landscape_distill,1.0,0.5,32,0.02,1.28,1.5,1000000,391.5,6127,50832,runs/e2_taxi_distill_b1p5/seed_0,2026-09-11T00:44:30+0800,c7f5f8c,0.67,2202,0.29461328,599968.0,,0.0,0.0,-108.1,106.87,0.7572614364326,9.566065273247661e-09,0.0,0.5088209259414501,-0.0041840503108687,218.35690784454343,2581.0,,,,,,,0.0,0.0,1.4139344262295082,1.5,1.0,1.0,6.206656679318794e-07,1.1771917343139648e-06,2.410963249170235,3.931840181350708,0.16312368271908662,0.1718053221702575,6.206656679318794e-07,1.1771917343139648e-06,2.410963249170235,3.931840181350708,1.0,1.0,0.09343408469945354,0.3375,1.0,1.0,7248.569672131148,6417.0,20.0,20.0,3670.44262295082,4096.0,9780.0,19520.0,22.190756502484934,33.19677314758301,10.0,10.0,1.5112707633754147e-05,9.953975677490234e-06,4.704411739872799e-07,4.544854164123535e-07,0.6814181000856896,0.5282615423202515,0.6758118007393157,0.61061692237854,0.1978483606557377,0.45
E2_TAXI,distill,taxi,ppo-cf-distilled,1,0.25,e2_taxi_distill_b0p25,Taxi-v4,taxi_cf,landscape_distill,1.0,0.5,32,0.02,1.28,0.25,1000000,298.9,6980,8848,runs/e2_taxi_distill_b0p25/seed_1,2026-09-11T00:16:35+0800,c7f5f8c,0.77,3134,0.3591834541198792,521392.0,,0.0,0.0,-84.97,91.96,0.3863433543592691,3.7171048461459573e-09,0.0,0.6128635976349694,0.0008587992051616,186.2282404899597,3399.0,,,,,,,0.0,0.0,0.23565573770491804,0.25,1.0,1.0,6.194184562282019e-07,1.6987323760986328e-06,2.698577171664272,7.309553146362305,0.024678490780969967,0.0298248194158077,6.194184562282019e-07,1.6987323760986328e-06,2.698577171664272,7.309553146362305,1.0,1.0,0.11828893442622947,0.3291666666666666,1.0,1.0,7101.586065573771,6061.0,20.0,20.0,3670.44262295082,4096.0,9780.0,19520.0,23.626788639912352,20.101924896240234,10.0,10.0,1.3943750494289532e-05,6.318092346191406e-06,4.657951172166428e-07,1.6689300537109375e-06,0.649485572195444,0.3550017178058624,0.7146601304411888,0.8579243421554565,0.23493852459016396,0.7
E2_TAXI,distill,taxi,ppo-cf-distilled,1,0.75,e2_taxi_distill_b0p75,Taxi-v4,taxi_cf,landscape_distill,1.0,0.5,32,0.02,1.28,0.75,1000000,301.7,9284,8848,runs/e2_taxi_distill_b0p75/seed_1,2026-09-11T00:26:19+0800,c7f5f8c,0.83,5531,0.4715731341198792,402400.0,,0.0,0.0,-47.58,61.05,0.2842775899916887,5.812125891679898e-09,0.0,0.8143808411928957,-0.0069006936391815,214.72505569458008,3365.0,,,,,,,0.0,0.0,0.7069672131147541,0.75,1.0,1.0,6.794386953530551e-07,1.3904646039009094e-06,3.046864759588598,7.352635860443115,0.06284136406838277,0.1234241127967834,6.794386953530551e-07,1.3904646039009094e-06,3.046864759588598,7.352635860443115,1.0,1.0,0.16244023224043713,0.5208333333333334,1.0,1.0,6874.75,4956.0,20.0,20.0,3670.44262295082,4096.0,9780.0,19520.0,23.048105720784818,16.647289180755614,10.0,10.0,1.324291472093271e-05,1.0445713996887209e-05,5.427160640018152e-07,1.4156103134155271e-06,0.591244494817296,0.4023525714874267,0.6702813588323255,0.715923011302948,0.24456967213114755,0.4
E2_TAXI,distill,taxi,ppo-cf-distilled,1,1.5,e2_taxi_distill_b1p5,Taxi-v4,taxi_cf,landscape_distill,1.0,0.5,32,0.02,1.28,1.5,1000000,306.6,5956,8848,runs/e2_taxi_distill_b1p5/seed_1,2026-09-11T00:36:03+0800,c7f5f8c,0.58,1903,0.28620737411987923,545632.0,,0.0,0.0,-147.09,135.87,0.8174124471843243,1.6521880752407014e-08,0.0,0.8051858154847507,-0.0167818782501854,65.06636786460876,3310.0,,,,,,,0.0,0.0,1.4139344262295082,1.5,1.0,1.0,5.793238743222662e-07,6.556510925292969e-07,2.130702414976783,1.9809752702713013,0.15812334859887803,0.3646777272224426,5.793238743222662e-07,6.556510925292969e-07,2.130702414976783,1.9809752702713013,1.0,1.0,0.07616974043715845,0.0125,1.0,1.0,7338.51024590164,7618.0,20.0,20.0,3670.44262295082,4096.0,9780.0,19520.0,20.24907234722718,24.572991943359376,10.0,10.0,1.4321078868037983e-05,1.2621283531188965e-05,4.436952905485132e-07,2.905726432800293e-07,0.6340545517636738,0.2114910632371902,0.7495599993672527,0.6707398891448975,0.18545081967213115,0.05
E2_TAXI,distill,taxi,ppo-cf-distilled,2,0.25,e2_taxi_distill_b0p25,Taxi-v4,taxi_cf,landscape_distill,1.0,0.5,32,0.02,1.28,0.25,1000000,462.1,6084,5904,runs/e2_taxi_distill_b0p25/seed_2,2026-09-11T00:21:14+0800,c7f5f8c,0.62,2230,0.320599652584756,506016.0,,0.0,0.0,-144.79,140.71,0.6822470538318157,4.562025424093008e-09,0.0,0.3797962499203605,0.0009155651787295,297.5747709274292,2184.0,,,,,,,0.0,0.0,0.23565573770491804,0.25,1.0,1.0,6.443143752594402e-07,9.629875421524048e-07,2.3977514075820974,5.1801438331604,0.026388628493238687,0.0415322259068489,6.443143752594402e-07,9.629875421524048e-07,2.3977514075820974,5.1801438331604,1.0,1.0,0.09439890710382512,0.3333333333333333,1.0,1.0,7249.2213114754095,6343.0,20.0,20.0,3670.44262295082,4096.0,9780.0,19520.0,20.523255847150185,21.05331954956055,10.0,10.0,1.4777180426715888e-05,1.0848045349121094e-05,5.083023351006454e-07,5.662441253662109e-07,0.6492522895397221,0.6469415426254272,0.7087800591634433,0.5645418763160706,0.3046106557377049,0.6
E2_TAXI,distill,taxi,ppo-cf-distilled,2,0.75,e2_taxi_distill_b0p75,Taxi-v4,taxi_cf,landscape_distill,1.0,0.5,32,0.02,1.28,0.75,1000000,460.4,8191,5904,runs/e2_taxi_distill_b0p75/seed_2,2026-09-11T00:36:07+0800,c7f5f8c,0.74,4479,0.432387492584756,432384.0,844752.0,0.0,0.0,-66.06,77.28,0.3380407560616731,8.468305168207735e-09,0.0,0.6751849503795477,-4.562671529129148e-05,188.73378086090088,2190.0,,,,,,,0.0,0.0,0.7069672131147541,0.75,1.0,1.0,6.367869609974031e-07,1.1567026376724243e-06,2.441525373507442,3.177528381347656,0.05534058737737451,0.0544846802949905,6.367869609974031e-07,1.1567026376724243e-06,2.441525373507442,3.177528381347656,1.0,1.0,0.15661714480874311,0.325,1.0,1.0,6967.420081967213,5993.0,20.0,20.0,3670.44262295082,4096.0,9780.0,19520.0,32.638512088956894,47.348941040039065,10.0,10.0,1.4487761798024667e-05,1.0965391993522644e-05,4.846428293872198e-07,5.736947059631348e-07,0.7681162369391713,0.5496301651000977,0.5259012446357567,-0.100916102528572,0.1858606557377049,0.1
E2_TAXI,distill,taxi,ppo-cf-distilled,2,1.5,e2_taxi_distill_b1p5,Taxi-v4,taxi_cf,landscape_distill,1.0,0.5,32,0.02,1.28,1.5,1000000,450.8,9169,5904,runs/e2_taxi_distill_b1p5/seed_2,2026-09-11T00:50:41+0800,c7f5f8c,0.95,5435,0.391526852584756,529504.0,858032.0,0.0,0.0,-24.94,32.56,0.499208714812994,1.0133362593478525e-08,0.0,0.6580302364575206,0.0016975349863059,434.6180839538574,2243.0,,,,,,,0.0,0.0,1.4139344262295082,1.5,1.0,1.0,5.825145271061404e-07,1.296401023864746e-06,2.2868086019381555,2.483055830001831,0.12859666617405904,0.0691348910331726,5.825145271061404e-07,1.296401023864746e-06,2.2868086019381555,2.483055830001831,1.0,1.0,0.16116803278688524,0.625,1.0,1.0,6939.915983606557,4567.0,20.0,20.0,3670.44262295082,4096.0,9780.0,19520.0,34.17704624804806,96.22872772216796,10.0,10.0,1.625007739601672e-05,1.8596649169921875e-05,4.0746949036743065e-07,5.21540641784668e-07,0.8950898285313952,1.1388577222824097,0.5774831971567272,0.0012132882839068,0.2089139344262295,0.2
E2_TAXI,distill,taxi,ppo-cf-distilled,3,0.25,e2_taxi_distill_b0p25,Taxi-v4,taxi_cf,landscape_distill,1.0,0.5,32,0.02,1.28,0.25,1000000,280.4,22785,4096,runs/e2_taxi_distill_b0p25/seed_3,2026-09-11T00:45:33+0800,c7f5f8c,1.0,20031,0.5501946876609889,390640.0,720576.0,0.0,0.0,6.2,14.17,0.215763765387237,8.110419003060088e-09,0.0,0.7488854798395114,0.0005614811379928,4.197617292404175,3617.0,,,,,,,0.0,0.0,0.23565573770491804,0.25,1.0,1.0,6.592204836944474e-07,1.080217771232128e-06,2.275550745978792,3.622138023376465,0.019515348385211195,0.0792034938931465,6.592204836944474e-07,1.080217771232128e-06,2.275550745978792,3.622138023376465,1.0,1.0,0.36624829234972683,1.0,1.0,1.0,5827.893442622951,2202.0,20.0,20.0,3670.44262295082,4096.0,9780.0,19520.0,21.429934053122995,1.2800365447998048,10.0,10.0,1.0612621601884727e-05,2.4102628231048584e-06,4.3445261773561724e-07,5.401670932769775e-07,0.6293497537644427,0.1814785152673721,0.6276931951860668,0.6023415327072144,0.2656762295081967,0.3
E2_TAXI,distill,taxi,ppo-cf-distilled,3,0.75,e2_taxi_distill_b0p75,Taxi-v4,taxi_cf,landscape_distill,1.0,0.5,32,0.02,1.28,0.75,1000000,274.3,26597,4096,runs/e2_taxi_distill_b0p75/seed_3,2026-09-11T00:54:44+0800,c7f5f8c,1.0,23870,0.5070618876609889,490160.0,601776.0,0.0,0.0,6.87,13.59,0.1024684887379407,5.062474883743562e-09,0.0,0.9049831444117606,-0.0030431376071646,1.3790143691003325,3717.0,,,,,,,0.0,0.0,0.7069672131147541,0.75,1.0,1.0,6.104295026176021e-07,1.085922122001648e-06,2.125426362056431,3.3062217235565186,0.09762392760353202,0.2424877136945724,6.104295026176021e-07,1.085922122001648e-06,2.125426362056431,3.3062217235565186,1.0,1.0,0.39117144808743165,1.0,1.0,1.0,5653.36475409836,2226.0,20.0,20.0,3670.44262295082,4096.0,9780.0,19520.0,21.528078964331232,0.2333861634135246,10.0,10.0,1.0402242893536315e-05,2.186745405197144e-06,4.0376610249055735e-07,7.972121238708496e-07,0.5778394258680342,0.0419542863965034,0.7494126412956441,0.8824755549430847,0.25245901639344265,0.6
E2_TAXI,distill,taxi,ppo-cf-distilled,3,1.5,e2_taxi_distill_b1p5,Taxi-v4,taxi_cf,landscape_distill,1.0,0.5,32,0.02,1.28,1.5,1000000,315.2,5724,4096,runs/e2_taxi_distill_b1p5/seed_3,2026-09-11T01:04:42+0800,c7f5f8c,0.53,1419,0.22191884766098885,771728.0,,0.0,0.0,-147.33,136.5,0.8723143078386784,1.1470547178760173e-08,0.0,0.5638087028306283,-0.0009074094123207,458.2167415618897,3216.0,,,,,,,0.0,0.0,1.4139344262295082,1.5,1.0,1.0,5.518652526871683e-07,1.2516975402832031e-06,2.138776845849891,3.5196447372436523,0.17494133771702525,0.1228675171732902,5.518652526871683e-07,1.2516975402832031e-06,2.138776845849891,3.5196447372436523,1.0,1.0,0.05740266393442621,0.2458333333333333,1.0,1.0,7443.038934426229,6560.0,20.0,20.0,3670.44262295082,4096.0,9780.0,19520.0,20.912666262783965,30.029594230651856,10.0,10.0,1.6540725601905743e-05,2.4713575839996335e-05,4.186566330332187e-07,1.2814998626708984e-06,0.6428059259597517,1.324894666671753,0.7620986696088412,0.8194012641906738,0.15153688524590161,0.6
E2_TAXI,distill,taxi,ppo-cf-distilled,4,0.25,e2_taxi_distill_b0p25,Taxi-v4,taxi_cf,landscape_distill,1.0,0.5,32,0.02,1.28,0.25,1000000,440.9,8027,7632,runs/e2_taxi_distill_b0p25/seed_4,2026-09-11T01:50:21+0800,c7f5f8c,0.67,4159,0.3983698273098115,489136.0,,0.0,0.0,-91.55,100.13,0.3936020191758871,4.538378561846912e-09,0.0,0.6836077873287375,-0.0004875131417065,127.70235347747804,2288.0,,,,,,,0.0,0.0,0.23565573770491804,0.25,1.0,1.0,6.214149312863363e-07,1.2516975402832031e-06,2.7290818383116857,7.251316070556641,0.022915310864816237,0.0414661392569541,6.214149312863363e-07,1.2516975402832031e-06,2.7290818383116857,7.251316070556641,1.0,1.0,0.13257342896174862,0.2791666666666667,1.0,1.0,7050.3401639344265,6203.0,20.0,20.0,3670.44262295082,4096.0,9780.0,19520.0,23.187735660484094,19.34116382598877,10.0,10.0,1.440496569438303e-05,7.953494787216187e-06,4.991455424431955e-07,1.2665987014770508e-06,0.6170737600625783,0.3050931096076965,0.651979405890967,0.5919235944747925,0.26639344262295084,0.55
E2_TAXI,distill,taxi,ppo-cf-distilled,4,0.75,e2_taxi_distill_b0p75,Taxi-v4,taxi_cf,landscape_distill,1.0,0.5,32,0.02,1.28,0.75,1000000,441.6,7504,7632,runs/e2_taxi_distill_b0p75/seed_4,2026-09-11T02:04:43+0800,c7f5f8c,0.73,3819,0.4217126273098115,417504.0,,0.0,0.0,-85.59,92.46,0.6444472931325436,8.58335624798201e-09,0.0,0.5842778877963057,-0.000452185224276,256.0953731536865,2285.0,,,,,,,0.0,0.0,0.7069672131147541,0.75,1.0,1.0,7.253416589399004e-07,1.817941665649414e-06,2.5074319506759926,5.669248580932617,0.06381417433807592,0.1023410931229591,7.253416589399004e-07,1.817941665649414e-06,2.5074319506759926,5.669248580932617,1.0,1.0,0.14149590163934422,0.2208333333333333,1.0,1.0,6970.1577868852455,6353.0,20.0,20.0,3670.44262295082,4096.0,9780.0,19520.0,21.057241820898213,14.649765586853029,10.0,10.0,1.3457868791475881e-05,7.212162017822266e-06,5.153792773823819e-07,1.7881393432617188e-06,0.5960183375835663,0.3990710973739624,0.630223008078813,0.2494274377822876,0.41321721311475407,0.5
E2_TAXI,distill,taxi,ppo-cf-distilled,4,1.5,e2_taxi_distill_b1p5,Taxi-v4,taxi_cf,landscape_distill,1.0,0.5,32,0.02,1.28,1.5,1000000,441.6,11701,7632,runs/e2_taxi_distill_b1p5/seed_4,2026-09-11T02:19:10+0800,c7f5f8c,0.99,8076,0.38663942730981155,573472.0,790576.0,0.0,0.0,-2.01,20.1,0.7493000403046608,8.193183020921424e-09,0.0,0.8914851030521177,-0.0010451431735418,140.12704420089722,2293.0,,,,,,,0.0,0.0,1.4139344262295082,1.5,1.0,1.0,5.931691326682606e-07,1.080334186553955e-06,2.2009276431932956,3.614531755447388,0.13970340905829376,0.0685394629836082,5.931691326682606e-07,1.080334186553955e-06,2.2009276431932956,3.614531755447388,1.0,1.0,0.18568135245901635,0.7833333333333333,1.0,1.0,6835.735655737705,3874.0,20.0,20.0,3670.44262295082,4096.0,9780.0,19520.0,30.10844278329464,43.22013626098633,10.0,10.0,1.5159357257080493e-05,8.614733815193176e-06,4.1726978780075784e-07,6.873160600662231e-07,0.8350809172986716,0.524554967880249,0.6624724900227834,0.3201857507228851,0.1278688524590164,0.4
E2_TAXI,queried,taxi,ppo-cf-queried-perturb,0,0.25,e2_taxi_queried_b0p25,Taxi-v4,taxi_cf,cf_queried_perturb,1.0,0.5,32,0.02,1.28,0.25,1000000,356.8,17288,18416,runs/e2_taxi_queried_b0p25/seed_0,2026-09-11T00:12:41+0800,c7f5f8c,0.99,14012,0.4307716117529188,521696.0,746704.0,0.0,0.0,2.41,17.57,0.352423345670104,8.293000064441003e-09,0.0,0.297382571225417,6.991866393946111e-05,14.08938154578209,2883.0,,,,,,,0.0,0.0,0.25,0.25,0.01953125,0.01953125,1.1990671960940416e-05,1.2628734111785889e-06,5.986737862962191,4.933071613311768,0.007658677568900556,0.0084321685135364,,,,,1.0,1.0,0.2699026639344262,1.0,1.0,1.0,6388.487704918033,3001.0,20.0,20.0,,,,,,,,,,,,,,,,,,
E2_TAXI,queried,taxi,ppo-cf-queried-perturb,0,0.75,e2_taxi_queried_b0p75,Taxi-v4,taxi_cf,cf_queried_perturb,1.0,0.5,32,0.02,1.28,0.75,1000000,361.7,9253,84928,runs/e2_taxi_queried_b0p75/seed_0,2026-09-11T00:25:10+0800,c7f5f8c,0.79,5602,0.48362784,370448.0,,0.0,0.0,-47.88,62.58,0.6019670888781548,4.9142272473545745e-09,0.0,0.8155835786714833,0.0002721937489695,150.65537977218628,2799.0,,,,,,,0.0,0.0,0.75,0.75,0.01953125,0.01953125,1.1972716090328549e-05,9.778887033462524e-06,8.669317262094529,13.710601806640623,0.020173581344381762,0.0039785713888704,,,,,1.0,1.0,0.182317281420765,0.3541666666666667,1.0,1.0,6795.040983606557,5829.0,20.0,20.0,,,,,,,,,,,,,,,,,,
E2_TAXI,queried,taxi,ppo-cf-queried-perturb,0,1.5,e2_taxi_queried_b1p5,Taxi-v4,taxi_cf,cf_queried_perturb,1.0,0.5,32,0.02,1.28,1.5,1000000,366.9,8327,43504,runs/e2_taxi_queried_b1p5/seed_0,2026-09-11T00:37:59+0800,c7f5f8c,0.77,4543,0.42799223999999997,418608.0,,0.0,0.0,-55.42,68.71,0.3839615695178509,7.21365722711198e-09,0.0,0.8157740645595399,9.89742111414671e-05,203.0435075759888,2766.0,,,,,,,0.0,0.0,1.5,1.5,0.01953125,0.01953125,1.2213976197390216e-05,4.3336040107533336e-06,7.787550963339259,7.995786666870117,0.040867545923931846,0.0035192905925214,,,,,1.0,1.0,0.14661031420765025,0.4291666666666666,1.0,1.0,6982.639344262295,5241.0,20.0,20.0,,,,,,,,,,,,,,,,,,
E2_TAXI,queried,taxi,ppo-cf-queried-perturb,1,0.25,e2_taxi_queried_b0p25,Taxi-v4,taxi_cf,cf_queried_perturb,1.0,0.5,32,0.02,1.28,0.25,1000000,291.6,7284,8848,runs/e2_taxi_queried_b0p25/seed_1,2026-09-11T00:11:35+0800,c7f5f8c,0.73,3612,0.41000457411987923,424240.0,,0.0,0.0,-96.36,105.3,0.493728544563055,1.1564225133042784e-08,0.0,0.5379075705909389,0.0001123007386922,165.58277797698975,3584.0,,,,,,,0.0,0.0,0.25,0.25,0.01953125,0.01953125,1.238576336260446e-05,1.045968383550644e-05,7.7815912673707865,14.818278312683104,0.007510831158932108,0.0009216904290951,,,,,1.0,1.0,0.14039446721311474,0.2291666666666666,1.0,1.0,7004.889344262295,6585.0,20.0,20.0,,,,,,,,,,,,,,,,,,
E2_TAXI,queried,taxi,ppo-cf-queried-perturb,1,0.75,e2_taxi_queried_b0p75,Taxi-v4,taxi_cf,cf_queried_perturb,1.0,0.5,32,0.02,1.28,0.75,1000000,282.3,6355,22208,runs/e2_taxi_queried_b0p75/seed_1,2026-09-11T00:21:17+0800,c7f5f8c,0.68,2654,0.35384755443719756,503552.0,,0.0,0.0,-125.91,127.14,0.5865009315311909,7.531525625381619e-09,0.0,0.3743067001813087,-0.0004184542922303,186.1883306503296,3625.0,,,,,,,0.0,0.0,0.75,0.75,0.01953125,0.01953125,1.238670064907876e-05,1.404574140906334e-05,7.38181754458146,10.261797904968262,0.02402243710344378,0.0192490685731172,,,,,1.0,1.0,0.11927937158469942,0.2291666666666666,1.0,1.0,7098.797131147541,6768.0,20.0,20.0,,,,,,,,,,,,,,,,,,
E2_TAXI,queried,taxi,ppo-cf-queried-perturb,1,1.5,e2_taxi_queried_b1p5,Taxi-v4,taxi_cf,cf_queried_perturb,1.0,0.5,32,0.02,1.28,1.5,1000000,277.9,11609,27232,runs/e2_taxi_queried_b1p5/seed_1,2026-09-11T00:30:57+0800,c7f5f8c,0.91,7956,0.45928224,431696.0,695184.0,0.0,0.0,-19.35,37.2,0.2837395407259464,7.691596692893654e-09,0.0,0.8602419624223485,3.0674622394144535e-05,168.88908624649048,3670.0,,,,,,,0.0,0.0,1.5,1.5,0.01953125,0.01953125,1.1394198229593667e-05,6.622023647651076e-06,8.095954735748103,14.550739288330078,0.04675445604886184,0.0064890724606812,,,,,1.0,1.0,0.20383367486338794,0.4583333333333333,1.0,1.0,6681.8463114754095,5360.0,20.0,20.0,,,,,,,,,,,,,,,,,,
E2_TAXI,queried,taxi,ppo-cf-queried-perturb,2,0.25,e2_taxi_queried_b0p25,Taxi-v4,taxi_cf,cf_queried_perturb,1.0,0.5,32,0.02,1.28,0.25,1000000,407.5,20606,5904,runs/e2_taxi_queried_b0p25/seed_2,2026-09-11T00:13:32+0800,c7f5f8c,0.9,17335,0.5671888525847559,412608.0,465456.0,0.0,0.0,-16.23,34.77,0.250535475090146,1.7853153622127138e-08,0.0,0.9442449093200486,-1.0204326827079058e-05,80.99727535247803,2510.0,,,,,,,0.0,0.0,0.25,0.25,0.01953125,0.01953125,9.940749395518948e-06,5.019828677177429e-06,8.023753671372523,7.396183967590332,0.007067074942108828,0.0002898634411394,,,,,1.0,1.0,0.30635245901639346,0.7416666666666667,1.0,1.0,6085.043032786885,3329.0,20.0,20.0,,,,,,,,,,,,,,,,,,
E2_TAXI,queried,taxi,ppo-cf-queried-perturb,2,0.75,e2_taxi_queried_b0p75,Taxi-v4,taxi_cf,cf_queried_perturb,1.0,0.5,32,0.02,1.28,0.75,1000000,432.4,8945,5904,runs/e2_taxi_queried_b0p75/seed_2,2026-09-11T00:28:27+0800,c7f5f8c,0.75,5182,0.4530325325847559,414384.0,,0.0,0.0,-63.91,76.24,0.2536472976207733,-7.189555617514998e-10,0.0,0.4883596231029579,0.0001342623727396,201.09472846984863,2335.0,,,,,,,0.0,0.0,0.75,0.75,0.01953125,0.01953125,1.1914122073083819e-05,9.889015927910805e-06,8.321908013253916,11.902017593383787,0.02103889715076767,0.001484885928221,,,,,1.0,1.0,0.15949453551912565,0.2625,1.0,1.0,6889.290983606557,6477.0,20.0,20.0,,,,,,,,,,,,,,,,,,
E2_TAXI,queried,taxi,ppo-cf-queried-perturb,2,1.5,e2_taxi_queried_b1p5,Taxi-v4,taxi_cf,cf_queried_perturb,1.0,0.5,32,0.02,1.28,1.5,1000000,423.1,8607,5904,runs/e2_taxi_queried_b1p5/seed_2,2026-09-11T00:43:10+0800,c7f5f8c,0.68,5092,0.502705812584756,339616.0,,0.0,0.0,-93.63,102.33,0.2322783535346388,5.225501809036359e-09,0.0,0.7640250218113176,0.000575394835323,90.11087775230408,2392.0,,,,,,,0.0,0.0,1.5,1.5,0.01953125,0.01953125,1.1446068913487504e-05,1.0258052498102188e-05,9.11103970154387,11.3175048828125,0.0414705561792676,0.005786505062133,,,,,1.0,1.0,0.18127561475409834,0.1916666666666666,1.0,1.0,6745.952868852459,6617.0,20.0,20.0,,,,,,,,,,,,,,,,,,
E2_TAXI,queried,taxi,ppo-cf-queried-perturb,3,0.25,e2_taxi_queried_b0p25,Taxi-v4,taxi_cf,cf_queried_perturb,1.0,0.5,32,0.02,1.28,0.25,1000000,286.4,7035,4096,runs/e2_taxi_queried_b0p25/seed_3,2026-09-11T00:40:53+0800,c7f5f8c,0.71,3025,0.33872028766098894,546320.0,,0.0,0.0,-96.73,103.99,0.6835533753037453,2.2084350348450243e-08,0.0,0.6527579287426375,-0.0010795237030833,227.1653623580933,3586.0,,,,,,,0.0,0.0,0.25,0.25,0.01953125,0.01953125,1.327087142510477e-05,9.139999747276306e-06,6.241406977176666,10.793208122253418,0.008748011384206987,0.0361728481948375,,,,,1.0,1.0,0.10710382513661199,0.2625,1.0,1.0,7224.944672131148,6580.0,20.0,20.0,,,,,,,,,,,,,,,,,,
E2_TAXI,queried,taxi,ppo-cf-queried-perturb,3,0.75,e2_taxi_queried_b0p75,Taxi-v4,taxi_cf,cf_queried_perturb,1.0,0.5,32,0.02,1.28,0.75,1000000,275.8,12387,4096,runs/e2_taxi_queried_b0p75/seed_3,2026-09-11T00:50:09+0800,c7f5f8c,0.84,8460,0.5285377276609889,342976.0,,0.0,0.0,-32.54,48.65,0.2921822406351566,7.0072019298095264e-09,0.0,0.93797133344054,0.0005514143558684,91.2094783782959,3672.0,,,,,,,0.0,0.0,0.75,0.75,0.01953125,0.01953125,1.1167048051291084e-05,8.666887879371643e-06,6.22454488961423,9.49986457824707,0.0198080396739151,0.0161658842116594,,,,,1.0,1.0,0.1696465163934426,0.3583333333333333,1.0,1.0,6791.053278688524,5380.0,20.0,20.0,,,,,,,,,,,,,,,,,,
E2_TAXI,queried,taxi,ppo-cf-queried-perturb,3,1.5,e2_taxi_queried_b1p5,Taxi-v4,taxi_cf,cf_queried_perturb,1.0,0.5,32,0.02,1.28,1.5,1000000,282.7,7003,4096,runs/e2_taxi_queried_b1p5/seed_3,2026-09-11T00:59:26+0800,c7f5f8c,0.67,3198,0.37497468766098896,489648.0,,0.0,0.0,-99.87,107.01,0.4862779174000025,1.3973931345390156e-08,0.0,0.5333503066189216,-0.0062045327940722,243.72371673583984,3601.0,,,,,,,0.0,0.0,1.5,1.5,0.01953125,0.01953125,1.2628971707958133e-05,8.787959814071655e-06,7.148328023367241,14.036620140075684,0.052118234689439005,0.197254404425621,,,,,1.0,1.0,0.12361680327868849,0.3541666666666667,1.0,1.0,7104.477459016393,6113.0,20.0,20.0,,,,,,,,,,,,,,,,,,
E2_TAXI,queried,taxi,ppo-cf-queried-perturb,4,0.25,e2_taxi_queried_b0p25,Taxi-v4,taxi_cf,cf_queried_perturb,1.0,0.5,32,0.02,1.28,0.25,1000000,424.0,7863,7632,runs/e2_taxi_queried_b0p25/seed_4,2026-09-11T01:42:59+0800,c7f5f8c,0.65,4198,0.4498014273098115,382528.0,,0.0,0.0,-100.74,106.29,0.3696157298982143,1.1058546078857034e-08,0.0,0.7919250562106902,0.0002404135884717,126.6293878555298,2411.0,,,,,,,0.0,0.0,0.25,0.25,0.01953125,0.01953125,1.224948104969431e-05,1.4089979231357574e-05,7.784489387860064,11.81139087677002,0.006420211730759587,0.0047702086158096,,,,,1.0,1.0,0.1467554644808743,0.3166666666666666,1.0,1.0,6946.131147540984,5932.0,20.0,20.0,,,,,,,,,,,,,,,,,,
E2_TAXI,queried,taxi,ppo-cf-queried-perturb,4,0.75,e2_taxi_queried_b0p75,Taxi-v4,taxi_cf,cf_queried_perturb,1.0,0.5,32,0.02,1.28,0.75,1000000,421.1,7632,7632,runs/e2_taxi_queried_b0p75/seed_4,2026-09-11T01:57:22+0800,c7f5f8c,0.62,3819,0.4022175873098115,467056.0,,0.0,0.0,-104.05,110.59,0.6493451595306396,7.554262992925942e-09,0.0,0.7670032086867209,0.0002918178215622,162.95767307281494,2399.0,,,,,,,0.0,0.0,0.75,0.75,0.01953125,0.01953125,1.2775578815323019e-05,6.5267086029052734e-06,7.372825246365344,6.517626762390137,0.021984107185490993,0.0126677481457591,,,,,1.0,1.0,0.13135245901639342,0.375,1.0,1.0,7039.573770491803,5854.0,20.0,20.0,,,,,,,,,,,,,,,,,,
E2_TAXI,queried,taxi,ppo-cf-queried-perturb,4,1.5,e2_taxi_queried_b1p5,Taxi-v4,taxi_cf,cf_queried_perturb,1.0,0.5,32,0.02,1.28,1.5,1000000,424.9,7484,7632,runs/e2_taxi_queried_b1p5/seed_4,2026-09-11T02:11:48+0800,c7f5f8c,0.57,3675,0.4196357473098115,368416.0,,0.0,0.0,-119.63,121.88,0.4075916409492492,6.523805495817214e-09,0.0,0.4083623753781245,-0.0008259419701062,223.019455909729,2383.0,,,,,,,0.0,0.0,1.5,1.5,0.01953125,0.01953125,1.2250003554400478e-05,1.0213814675807951e-05,6.512009611383814,9.592985153198242,0.0398887862693747,0.037127137184143,,,,,1.0,1.0,0.12191769125683057,0.1625,1.0,1.0,7104.959016393443,6665.0,20.0,20.0,,,,,,,,,,,,,,,,,,
E2_UNLOCKPICKUP,distill,unlockpickup,ppo-cf-distilled,0,0.25,e2_unlockpickup_distill_b0p25,MiniGrid-UnlockPickup-v0,unlockpickup_cf,landscape_distill,1.0,0.5,64,0.02,2.56,0.25,1500000,3568.9,45890,55072,runs/e2_unlockpickup_distill_b0p25/seed_0,2026-09-11T02:06:52+0800,c7f5f8c,1.0,44388,0.7930585066666667,303152.0,343472.0,1.0,1.0,0.9305312499999999,22.23,0.9532399699091912,0.0074039683045157,0.09326171875,0.8054831424843196,-0.0118619241984561,0.0027487972511153,420.0,,,,,,,0.0,0.0,0.24009562841530055,0.25,1.0,1.0,4.201764260144215e-09,4.71482053399086e-09,0.013605510694155413,0.0186346229165792,0.04966512701252746,0.0282675195485353,4.201764260144215e-09,4.71482053399086e-09,0.013605510694155413,0.0186346229165792,0.6877629900420783,0.8902439024390244,0.6877629900420783,0.8902439024390244,0.7251765960282555,0.951219512195122,16111.456284153006,11000.0,41.0,41.0,3822.0819672131147,4096.0,15047.0,30012.0,0.0008725471230601311,0.0009064434998435,10.0,10.0,9.94119430515328e-08,1.734588295221329e-07,3.413098787203752e-09,2.939486876130104e-09,0.005587321533560653,0.0077628069557249,0.48333051636983015,0.7506213188171387,0.5525123284019725,0.8292682926829268
E2_UNLOCKPICKUP,distill,unlockpickup,ppo-cf-distilled,0,0.75,e2_unlockpickup_distill_b0p75,MiniGrid-UnlockPickup-v0,unlockpickup_cf,landscape_distill,1.0,0.5,64,0.02,2.56,0.75,1500000,4185.6,36994,55072,runs/e2_unlockpickup_distill_b0p75/seed_0,2026-09-11T04:17:09+0800,c7f5f8c,0.98,34425,0.5670659733333333,649456.0,699280.0,1.0,1.0,0.918125,25.56,0.7626882176846266,0.0186926140813739,0.1121826171875,0.9324756360799809,-0.0010174066410399,0.0023029948515613,358.0,,,,,,,0.0,0.0,0.7202868852459017,0.75,1.0,1.0,3.2435654842035544e-09,5.122274160385132e-09,0.009232733321204811,0.0175758190453052,0.12298278281938466,0.1977076977491378,3.2435654842035544e-09,5.122274160385132e-09,0.009232733321204811,0.0175758190453052,0.48520591763294685,0.8118466898954704,0.48520591763294685,0.8118466898954704,0.5143276022924164,0.8292682926829268,20910.860655737706,12219.0,41.0,41.0,3822.0819672131147,4096.0,15047.0,30012.0,0.0005323982279240415,0.0003646384153398,10.0,10.0,7.141861043450691e-08,1.2929740478284657e-07,2.396451600610111e-09,4.438334144651891e-09,0.003565598519026224,0.004699439741671,0.33641655904914747,0.5404189825057983,0.4470211915233907,0.6829268292682927
E2_UNLOCKPICKUP,distill,unlockpickup,ppo-cf-distilled,0,1.5,e2_unlockpickup_distill_b1p5,MiniGrid-UnlockPickup-v0,unlockpickup_cf,landscape_distill,1.0,0.5,64,0.02,2.56,1.5,1500000,4223.9,38167,55072,runs/e2_unlockpickup_distill_b1p5/seed_0,2026-09-11T06:37:38+0800,c7f5f8c,1.0,35419,0.5406946133333332,682800.0,712064.0,1.0,1.0,0.9460312500000001,17.27,0.2732309522107243,0.0023610540879417,0.007568359375,0.9274167705961668,-0.0593529652105644,7.366381157680735e-05,355.0,,,,,,,0.0,0.0,1.4405737704918034,1.5,1.0,1.0,4.088971949133955e-09,5.587935447692871e-09,0.011140174504854194,0.0237308293581008,0.2661247684956208,0.6808456182479858,4.088971949133955e-09,5.587935447692871e-09,0.011140174504854194,0.0237308293581008,0.45064831210373,0.9860627177700348,0.45064831210373,0.9860627177700348,0.4794082367053179,1.0,21488.40163934426,6260.0,41.0,41.0,3822.0819672131147,4096.0,15047.0,30012.0,0.0004930053111386865,0.0003223385618184,10.0,10.0,6.762379068140889e-08,1.3144745025783777e-07,3.5123061423458292e-09,5.871697794646025e-09,0.0031948950583354256,0.0015804051654413,0.33197317666662324,0.8682262301445007,0.4495535119285618,0.8780487804878049
E2_UNLOCKPICKUP,distill,unlockpickup,ppo-cf-distilled,1,0.25,e2_unlockpickup_distill_b0p25,MiniGrid-UnlockPickup-v0,unlockpickup_cf,landscape_distill,1.0,0.5,64,0.02,2.56,0.25,1500000,5068.2,41514,188448,runs/e2_unlockpickup_distill_b0p25/seed_1,2026-09-11T02:54:30+0800,c7f5f8c,0.97,39588,0.69830176,442112.0,479248.0,1.0,1.0,0.8962812499999999,32.23,0.7188064604997635,0.0083602231284203,0.0877685546875,0.9735097310383856,-0.008845218544593,0.0006583397625945,296.0,,,,,,,0.0,0.0,0.24009562841530055,0.25,1.0,1.0,4.0834934122626765e-09,7.916241884231567e-09,0.012262196596188595,0.0201427899301052,0.05292396825964717,0.0381650365889072,4.0834934122626765e-09,7.916241884231567e-09,0.012262196596188595,0.0201427899301052,0.6064478970316636,0.705574912891986,0.6064478970316636,0.705574912891986,0.6362121817939491,0.7317073170731707,18109.426229508197,14358.0,41.0,41.0,3822.0819672131147,4096.0,15047.0,30012.0,0.0007073003503597439,0.0009086739446502,10.0,10.0,8.670189423725882e-08,1.623993739485741e-07,2.9821088792033532e-09,8.076312951743603e-09,0.004814780547850988,0.0024647477548569,0.42560188020318696,0.5696743130683899,0.5169932027189124,0.6097560975609756
E2_UNLOCKPICKUP,distill,unlockpickup,ppo-cf-distilled,1,0.75,e2_unlockpickup_distill_b0p75,MiniGrid-UnlockPickup-v0,unlockpickup_cf,landscape_distill,1.0,0.5,64,0.02,2.56,0.75,1500000,5497.5,36428,118976,runs/e2_unlockpickup_distill_b0p75/seed_1,2026-09-11T05:50:13+0800,c7f5f8c,1.0,33992,0.59282512,604000.0,628048.0,1.0,1.0,0.93859375,19.65,0.534386889077723,0.0075495546161619,0.073974609375,0.9204437845445608,-0.0028414490516297,0.0016217399243032,272.0,,,,,,,0.0,0.0,0.7202868852459017,0.75,1.0,1.0,4.2665160584815045e-09,8.847564458847046e-09,0.011734437664678556,0.0219029802829027,0.13643507445689104,0.2421674132347107,4.2665160584815045e-09,8.847564458847046e-09,0.011734437664678556,0.0219029802829027,0.5079111212657794,0.9128919860627178,0.5079111212657794,0.9128919860627178,0.5407836865253899,0.926829268292683,20505.74043715847,9249.0,41.0,41.0,3822.0819672131147,4096.0,15047.0,30012.0,0.0005883593864007642,0.0005077172070741,10.0,10.0,7.564593490312428e-08,1.628213794901967e-07,2.939527484812277e-09,2.8667272999882702e-09,0.0041996698523266785,0.001429762225598,0.3340927558477785,0.8004172444343567,0.4608156737305077,0.8780487804878049
E2_UNLOCKPICKUP,distill,unlockpickup,ppo-cf-distilled,1,1.5,e2_unlockpickup_distill_b1p5,MiniGrid-UnlockPickup-v0,unlockpickup_cf,landscape_distill,1.0,0.5,64,0.02,2.56,1.5,1500000,6696.2,27124,109808,runs/e2_unlockpickup_distill_b1p5/seed_1,2026-09-11T10:47:48+0800,c7f5f8c,1.0,23796,0.41100528,873392.0,908944.0,1.0,1.0,0.93790625,19.87,0.3580989455804229,0.0024678795389263,0.0228271484375,0.7386089831945695,-0.0059187460865359,0.0016844368201418,224.0,,,,,,,0.0,0.0,1.4405737704918034,1.5,1.0,1.0,2.9272240733350416e-09,5.587935447692871e-09,0.007995152822003812,0.0242812801152467,0.1990859685058558,0.455852746963501,2.9272240733350416e-09,5.587935447692871e-09,0.007995152822003812,0.0242812801152467,0.34362921498067434,0.9947735191637632,0.34362921498067434,0.9947735191637632,0.36998533919765425,1.0,24420.75956284153,7645.0,41.0,41.0,3822.0819672131147,4096.0,15047.0,30012.0,0.00044093672440149507,0.0003454570614849,10.0,10.0,5.165871443545793e-08,1.1207885108888149e-07,1.930176722763945e-09,2.415617927908897e-09,0.0030982420874629936,0.0015983445337042,0.22991046489930783,0.8611805438995361,0.3707183793149406,0.8292682926829268
E2_UNLOCKPICKUP,distill,unlockpickup,ppo-cf-distilled,2,0.25,e2_unlockpickup_distill_b0p25,MiniGrid-UnlockPickup-v0,unlockpickup_cf,landscape_distill,1.0,0.5,64,0.02,2.56,0.25,1500000,5351.1,44129,34752,runs/e2_unlockpickup_distill_b0p25/seed_2,2026-09-11T03:10:59+0800,c7f5f8c,0.96,42281,0.7308157333333333,391904.0,433072.0,1.0,1.0,0.8860312499999999,35.19,1.0837504230439663,0.0106940159957957,0.1348876953125,0.9825508258165528,-0.0160783466853899,0.0008068355091381,280.0,,,,,,,0.0,0.0,0.24009562841530055,0.25,1.0,1.0,4.4241779590171224e-09,4.511093720793724e-09,0.013296917319037555,0.0174925085157156,0.050278177643271096,0.051808550953865,4.4241779590171224e-09,4.511093720793724e-09,0.013296917319037555,0.0174925085157156,0.6191475790636126,0.7334494773519163,0.6191475790636126,0.7334494773519163,0.6554045048647208,0.7804878048780488,17743.89344262295,13562.0,41.0,41.0,3822.0819672131147,4096.0,15047.0,30012.0,0.0009124007022391767,0.0007305417966563,10.0,10.0,9.164890516930566e-08,1.2747477740049362e-07,3.4192666864248686e-09,3.521563485264778e-09,0.005699895487005944,0.006068461574614,0.41110633569864985,0.537846565246582,0.5054644808743168,0.6341463414634146
E2_UNLOCKPICKUP,distill,unlockpickup,ppo-cf-distilled,2,0.75,e2_unlockpickup_distill_b0p75,MiniGrid-UnlockPickup-v0,unlockpickup_cf,landscape_distill,1.0,0.5,64,0.02,2.56,0.75,1500000,5868.3,39957,34752,runs/e2_unlockpickup_distill_b0p75/seed_2,2026-09-11T06:14:15+0800,c7f5f8c,0.99,37527,0.6118615466666667,574192.0,618144.0,1.0,1.0,0.9271249999999999,23.0,0.6664097886532545,0.0146883401685045,0.1378173828125,0.9471184534945776,-0.0259849164576735,0.0007038050648588,255.0,,,,,,,0.0,0.0,0.7202868852459017,0.75,1.0,1.0,4.249451229271805e-09,3.5506673157215123e-09,0.01221386099850011,0.0212305374443531,0.1340204199007585,0.1282191127538681,4.249451229271805e-09,3.5506673157215123e-09,0.01221386099850011,0.0212305374443531,0.5092391614782658,0.8867595818815331,0.5092391614782658,0.8867595818815331,0.5434492869518859,0.902439024390244,20208.650273224044,9828.0,41.0,41.0,3822.0819672131147,4096.0,15047.0,30012.0,0.0007461721749096785,0.0005649002239806,10.0,10.0,7.585531656874258e-08,9.568611858412625e-08,2.96083142460245e-09,2.735760062932968e-09,0.004505884475601072,0.0042093144729733,0.3458082447145923,0.7112128734588623,0.46847927495668396,0.8292682926829268
E2_UNLOCKPICKUP,distill,unlockpickup,ppo-cf-distilled,2,1.5,e2_unlockpickup_distill_b1p5,MiniGrid-UnlockPickup-v0,unlockpickup_cf,landscape_distill,1.0,0.5,64,0.02,2.56,1.5,1500000,4976.8,55923,34752,runs/e2_unlockpickup_distill_b1p5/seed_2,2026-09-11T10:19:09+0800,c7f5f8c,0.99,54463,0.83066608,240912.0,293168.0,1.0,1.0,0.93584375,20.21,0.4643957484513521,0.0225173767721571,0.0748291015625,0.9855248401738476,-0.0256608556956052,0.0002113843268034,301.0,,,,,,,0.0,0.0,1.4405737704918034,1.5,1.0,1.0,5.423249812800529e-09,4.190951585769653e-09,0.01814810004176903,0.0220405589789152,0.31421084705577357,0.2683905363082886,5.423249812800529e-09,4.190951585769653e-09,0.01814810004176903,0.0220405589789152,0.6870918299346928,0.8153310104529616,0.6870918299346928,0.8153310104529616,0.73224043715847,0.8536585365853658,15390.265027322404,12464.0,41.0,41.0,3822.0819672131147,4096.0,15047.0,30012.0,0.0008026545755366139,0.0003538562508765,10.0,10.0,1.022740823227178e-07,1.0857058896363014e-07,4.1307522308576314e-09,4.132743924856186e-09,0.004721477144598769,0.0028795015532523,0.501155019711698,0.556301474571228,0.5878315340530454,0.7073170731707317
E2_UNLOCKPICKUP,distill,unlockpickup,ppo-cf-distilled,3,0.25,e2_unlockpickup_distill_b0p25,MiniGrid-UnlockPickup-v0,unlockpickup_cf,landscape_distill,1.0,0.5,64,0.02,2.56,0.25,1500000,5667.9,39107,9088,runs/e2_unlockpickup_distill_b0p25/seed_3,2026-09-11T03:59:23+0800,c7f5f8c,0.99,36985,0.6689340615545682,488256.0,512112.0,1.0,1.0,0.9158750000000001,26.6,0.953808270394802,0.0155005210499439,0.105224609375,0.6942779107709702,-0.0137462118291296,0.0022403302264137,264.0,,,,,,,0.0,0.0,0.24009562841530055,0.25,1.0,1.0,3.827665761759892e-09,8.381903171539307e-09,0.011118630016605192,0.0203846450895071,0.04322473497303005,0.0720450803637504,3.827665761759892e-09,8.381903171539307e-09,0.011118630016605192,0.0203846450895071,0.5718331714933074,0.9442508710801394,0.5718331714933074,0.9442508710801394,0.6029588164734107,0.975609756097561,18972.412568306012,8478.0,41.0,41.0,3822.0819672131147,4096.0,15047.0,30012.0,0.0007852776336093393,0.0009674087516032,10.0,10.0,8.318758799476677e-08,1.8801074475049973e-07,2.6946570682153693e-09,2.415617927908897e-09,0.0052310713583379066,0.0041115013882517,0.368010310499733,0.5913575291633606,0.4676129548180727,0.7073170731707317
E2_UNLOCKPICKUP,distill,unlockpickup,ppo-cf-distilled,3,0.75,e2_unlockpickup_distill_b0p75,MiniGrid-UnlockPickup-v0,unlockpickup_cf,landscape_distill,1.0,0.5,64,0.02,2.56,0.75,1500000,4908.5,53312,9088,runs/e2_unlockpickup_distill_b0p75/seed_3,2026-09-11T06:49:31+0800,c7f5f8c,0.98,51749,0.7905124615545681,297824.0,344096.0,1.0,0.98,0.9253125,23.26,0.4368013404309749,0.0133310738415275,0.07861328125,0.8982221050220219,-0.0057404930412303,0.0019147419825458,305.0,,,,,,,0.0,0.0,0.7202868852459017,0.75,1.0,1.0,4.860275077361288e-09,3.2596290111541752e-09,0.015272272482280233,0.0229299645870924,0.1497953478285096,0.2354507893323898,4.860275077361288e-09,3.2596290111541752e-09,0.015272272482280233,0.0229299645870924,0.6795615087298414,0.93205574912892,0.6795615087298414,0.93205574912892,0.7143809143009462,0.951219512195122,15718.868852459016,8527.0,41.0,41.0,3822.0819672131147,4096.0,15047.0,30012.0,0.0007632946387498539,0.000308977800887,10.0,10.0,1.0042207273634834e-07,1.7280763131566348e-07,3.7072097425873243e-09,2.852175384759903e-09,0.004657175078449843,0.0021769802551716,0.5082939423021449,0.8176808953285217,0.5936958549913368,0.8780487804878049
E2_UNLOCKPICKUP,distill,unlockpickup,ppo-cf-distilled,3,1.5,e2_unlockpickup_distill_b1p5,MiniGrid-UnlockPickup-v0,unlockpickup_cf,landscape_distill,1.0,0.5,64,0.02,2.56,1.5,1500000,5252.2,42409,9088,runs/e2_unlockpickup_distill_b1p5/seed_3,2026-09-11T10:23:44+0800,c7f5f8c,0.99,40124,0.6399896882212347,532224.0,561008.0,1.0,1.0,0.93240625,21.31,0.4890271117910743,0.0121489341963751,0.075439453125,0.9369616905349648,-0.0030230225529521,0.0019836101837427,285.0,,,,,,,0.0,0.0,1.4405737704918034,1.5,1.0,1.0,4.1622425530471935e-09,1.4435499906539917e-08,0.013027876494139005,0.0228460021317005,0.2774180821499334,0.4752579033374786,4.1622425530471935e-09,1.4435499906539917e-08,0.013027876494139005,0.0228460021317005,0.5398697663791626,0.8745644599303136,0.5398697663791626,0.8745644599303136,0.5707716913234707,0.902439024390244,19244.789617486338,10308.0,41.0,41.0,3822.0819672131147,4096.0,15047.0,30012.0,0.0005859326253480381,0.000306912115775,10.0,10.0,8.090585247046546e-08,1.1691008694469929e-07,3.4431768377579146e-09,3.6452547647058956e-09,0.003546710793859888,0.0011332696303725,0.3976918630263147,0.7658060789108276,0.5049313607890178,0.7560975609756098
E2_UNLOCKPICKUP,distill,unlockpickup,ppo-cf-distilled,4,0.25,e2_unlockpickup_distill_b0p25,MiniGrid-UnlockPickup-v0,unlockpickup_cf,landscape_distill,1.0,0.5,64,0.02,2.56,0.25,1500000,5190.7,44223,145712,runs/e2_unlockpickup_distill_b0p25/seed_4,2026-09-11T05:05:56+0800,c7f5f8c,1.0,42572,0.76215952,336352.0,408448.0,1.0,1.0,0.9396562500000001,19.31,0.4429452056065202,0.0109810351123087,0.0628662109375,0.9082015220998594,-0.0257930995721835,0.0001309214705997,289.0,,,,,,,0.0,0.0,0.24009562841530055,0.25,1.0,1.0,4.367524950078509e-09,1.30385160446167e-08,0.012347898057813306,0.0227149482816457,0.05135215927504477,0.0960868448019027,4.367524950078509e-09,1.30385160446167e-08,0.012347898057813306,0.0227149482816457,0.661935225909636,0.9878048780487804,0.661935225909636,0.9878048780487804,0.696921231507397,1.0,16741.456284153006,6849.0,41.0,41.0,3822.0819672131147,4096.0,15047.0,30012.0,0.000770574711556952,0.0005234058393398,10.0,10.0,9.573591031285056e-08,1.2820237316191196e-07,3.0942455689368554e-09,1.746229827404022e-09,0.005225294596522544,0.0019957674667239,0.47497375077081977,0.8884361982345581,0.5486472077835531,0.926829268292683
E2_UNLOCKPICKUP,distill,unlockpickup,ppo-cf-distilled,4,0.75,e2_unlockpickup_distill_b0p75,MiniGrid-UnlockPickup-v0,unlockpickup_cf,landscape_distill,1.0,0.5,64,0.02,2.56,0.75,1500000,4639.3,47346,165344,runs/e2_unlockpickup_distill_b0p75/seed_4,2026-09-11T07:47:36+0800,c7f5f8c,1.0,45587,0.74579232,373440.0,416416.0,1.0,1.0,0.933375,21.32,0.8136911615729332,0.0183595998214514,0.118896484375,0.9382451911871308,-0.0054639326990582,0.0020590439389707,323.0,,,,,,,0.0,0.0,0.7202868852459017,0.75,1.0,1.0,4.051521357629258e-09,6.984919309616089e-09,0.01386934912622306,0.0188902281224727,0.14187120150550792,0.2310606688261032,4.051521357629258e-09,6.984919309616089e-09,0.01386934912622306,0.0188902281224727,0.6378353420536548,0.7560975609756098,0.6378353420536548,0.7560975609756098,0.66953218712515,0.7804878048780488,16923.40163934426,14945.0,41.0,41.0,3822.0819672131147,4096.0,15047.0,30012.0,0.0006637256769905445,0.0004161317032412,10.0,10.0,9.317628127225283e-08,1.363951014354825e-07,3.1574043537570544e-09,6.05359673500061e-09,0.004325608501565093,0.006477965041995,0.45703447679869763,0.5346047282218933,0.5275889644142342,0.5853658536585366
E2_UNLOCKPICKUP,distill,unlockpickup,ppo-cf-distilled,4,1.5,e2_unlockpickup_distill_b1p5,MiniGrid-UnlockPickup-v0,unlockpickup_cf,landscape_distill,1.0,0.5,64,0.02,2.56,1.5,1500000,5959.7,29148,91808,runs/e2_unlockpickup_distill_b1p5/seed_4,2026-09-11T10:35:33+0800,c7f5f8c,0.99,25869,0.42588517333333337,859792.0,880272.0,1.0,1.0,0.9319375,21.46,0.3473206246271729,0.0110364183583442,0.0572509765625,0.9750797287711414,-0.0343568730750121,0.0001963355864518,251.0,,,,,,,0.0,0.0,1.4405737704918034,1.5,1.0,1.0,2.485036089474008e-09,1.0244548320770264e-08,0.007878302039580575,0.0232606865465641,0.20055235149796868,0.3790097832679748,2.485036089474008e-09,1.0244548320770264e-08,0.007878302039580575,0.0232606865465641,0.35332533653205384,0.9303135888501742,0.35332533653205384,0.9303135888501742,0.3805811008929762,0.951219512195122,23978.562841530056,8082.0,41.0,41.0,3822.0819672131147,4096.0,15047.0,30012.0,0.0004572008223955956,0.0003779023478273,10.0,10.0,5.34881916196538e-08,9.735231287777425e-08,2.1700679480453717e-09,1.0120857041329144e-08,0.0030252987704502644,0.0015181235503405,0.25400882259939567,0.8098383545875549,0.3968412634946021,0.8048780487804879
E2_UNLOCKPICKUP,queried,unlockpickup,ppo-cf-queried-perturb,0,0.25,e2_unlockpickup_queried_b0p25,MiniGrid-UnlockPickup-v0,unlockpickup_cf,cf_queried_perturb,1.0,0.5,64,0.02,2.56,0.25,1500000,3638.5,40686,63904,runs/e2_unlockpickup_queried_b0p25/seed_0,2026-09-11T01:07:22+0800,c7f5f8c,0.98,39067,0.7699586666666667,335456.0,392816.0,1.0,1.0,0.8897499999999999,34.64,1.295890673995018,0.013384035009949,0.1634521484375,0.9586720329168158,-0.0212501751957461,0.0011275374781689,413.0,,,,,,,0.0,0.0,0.25,0.25,0.02001953125,0.02001953125,8.945752981126482e-08,9.109498932957649e-08,0.02509485995099567,0.0189720764756202,0.022319081466507545,0.0103853801265358,,,,,0.6656765865082539,0.8153310104529616,0.6656765865082539,0.8153310104529616,0.6986538717846195,0.8292682926829268,17185.32513661202,14092.0,41.0,41.0,,,,,,,,,,,,,,,,,,
E2_UNLOCKPICKUP,queried,unlockpickup,ppo-cf-queried-perturb,0,0.75,e2_unlockpickup_queried_b0p75,MiniGrid-UnlockPickup-v0,unlockpickup_cf,cf_queried_perturb,1.0,0.5,64,0.02,2.56,0.75,1500000,3631.3,42358,82368,runs/e2_unlockpickup_queried_b0p75/seed_0,2026-09-11T03:07:23+0800,c7f5f8c,1.0,40597,0.7351573333333333,379664.0,432928.0,1.0,1.0,0.939375,19.4,0.9064959660172462,0.0116045151767139,0.1192626953125,0.9581235685990572,-0.0035310852690599,0.0016477146045872,413.0,,,,,,,0.0,0.0,0.75,0.75,0.02001953125,0.02001953125,8.79117607077767e-08,1.1193333193659782e-07,0.024896328297174548,0.0282011572271585,0.05513985631631204,0.0236069187521934,,,,,0.6328468612554978,0.8623693379790941,0.6328468612554978,0.8623693379790941,0.665733706517393,0.8780487804878049,17520.14480874317,11258.0,41.0,41.0,,,,,,,,,,,,,,,,,,
E2_UNLOCKPICKUP,queried,unlockpickup,ppo-cf-queried-perturb,0,1.5,e2_unlockpickup_queried_b1p5,MiniGrid-UnlockPickup-v0,unlockpickup_cf,cf_queried_perturb,1.0,0.5,64,0.02,2.56,1.5,1500000,4205.5,32582,12880,runs/e2_unlockpickup_queried_b1p5/seed_0,2026-09-11T05:27:14+0800,c7f5f8c,1.0,30100,0.6008484687051839,579824.0,634384.0,1.0,1.0,0.925125,23.96,1.0770562253892422,0.0072723344346741,0.0997314453125,0.9428961896482718,-0.023158934112871,0.0008808814691292,356.0,,,,,,,0.0,0.0,1.5,1.5,0.02001953125,0.02001953125,6.945161065560256e-08,1.3294629752635956e-07,0.022412223978059653,0.034269593656063,0.1305921317505665,0.2215114086866378,,,,,0.49976675996268166,0.9059233449477352,0.49976675996268166,0.9059233449477352,0.5351859256297481,0.926829268292683,21051.180327868853,9577.0,41.0,41.0,,,,,,,,,,,,,,,,,,
E2_UNLOCKPICKUP,queried,unlockpickup,ppo-cf-queried-perturb,1,0.25,e2_unlockpickup_queried_b0p25,MiniGrid-UnlockPickup-v0,unlockpickup_cf,cf_queried_perturb,1.0,0.5,64,0.02,2.56,0.25,1500000,4996.4,39195,118368,runs/e2_unlockpickup_queried_b0p25/seed_1,2026-09-11T01:30:01+0800,c7f5f8c,1.0,37262,0.70355904,444368.0,469600.0,1.0,1.0,0.9374687500000001,20.01,0.6779261007905006,0.0040116452919392,0.04296875,0.5294474706271166,-0.0085421755065908,0.0006348045430968,300.0,,,,,,,0.0,0.0,0.25,0.25,0.02001953125,0.02001953125,8.389794981392156e-08,1.3905810192227366e-07,0.02486392951321076,0.0268748067319393,0.020548963314622002,0.005440745037049,,,,,0.6073237371717979,0.989547038327526,0.6073237371717979,0.989547038327526,0.6432760229241637,1.0,18355.63387978142,7627.0,41.0,41.0,,,,,,,,,,,,,,,,,,
E2_UNLOCKPICKUP,queried,unlockpickup,ppo-cf-queried-perturb,1,0.75,e2_unlockpickup_queried_b0p75,MiniGrid-UnlockPickup-v0,unlockpickup_cf,cf_queried_perturb,1.0,0.5,64,0.02,2.56,0.75,1500000,5046.1,39164,64224,runs/e2_unlockpickup_queried_b0p75/seed_1,2026-09-11T04:18:36+0800,c7f5f8c,1.0,37212,0.7013971733333333,435360.0,471344.0,1.0,1.0,0.92953125,22.55,0.980528499931097,0.01126473804743,0.1185302734375,0.8367973154185658,-0.0030835688521619,0.0018976607079821,297.0,,,,,,,0.0,0.0,0.75,0.75,0.02001953125,0.02001953125,8.17382643901033e-08,1.416192390024662e-07,0.025322263024726965,0.0346415489912033,0.06931057763464053,0.1505180895328521,,,,,0.5996839359494297,0.9634146341463414,0.5996839359494297,0.9634146341463414,0.6338131414101026,0.975609756097561,18480.56830601093,8584.0,41.0,41.0,,,,,,,,,,,,,,,,,,
E2_UNLOCKPICKUP,queried,unlockpickup,ppo-cf-queried-perturb,1,1.5,e2_unlockpickup_queried_b1p5,MiniGrid-UnlockPickup-v0,unlockpickup_cf,cf_queried_perturb,1.0,0.5,64,0.02,2.56,1.5,1500000,5044.8,35071,27312,runs/e2_unlockpickup_queried_b1p5/seed_1,2026-09-11T10:20:17+0800,c7f5f8c,0.96,32879,0.6486592333919774,519024.0,544432.0,1.0,0.99,0.87959375,37.25,1.1416518166661265,0.0095994387374958,0.119384765625,0.8869232912359173,-0.0067131254909327,0.002180391078582,297.0,,,,,,,0.0,0.0,1.5,1.5,0.02001953125,0.02001953125,7.57306159688661e-08,7.066410034894943e-08,0.02343101335194497,0.0263436809182167,0.11994162840575302,0.0882017612457275,,,,,0.558233849317416,0.9547038327526132,0.558233849317416,0.9547038327526132,0.5894308943089431,0.975609756097561,19693.718579234974,10359.0,41.0,41.0,,,,,,,,,,,,,,,,,,
E2_UNLOCKPICKUP,queried,unlockpickup,ppo-cf-queried-perturb,2,0.25,e2_unlockpickup_queried_b0p25,MiniGrid-UnlockPickup-v0,unlockpickup_cf,cf_queried_perturb,1.0,0.5,64,0.02,2.56,0.25,1500000,5703.0,36994,69072,runs/e2_unlockpickup_queried_b0p25/seed_2,2026-09-11T01:41:47+0800,c7f5f8c,0.97,34819,0.6537221866666668,514112.0,577552.0,1.0,1.0,0.8984062500000001,31.55,1.0262960828840733,0.0113084835998051,0.1380615234375,0.927468170950988,-0.0020985396477044,0.0027134543270221,263.0,,,,,,,0.0,0.0,0.25,0.25,0.02001953125,0.02001953125,7.537928741427502e-08,1.5302794054150581e-07,0.02365873163415539,0.0256278198212385,0.023590637882408012,0.0236258916556835,,,,,0.5547971287675407,0.921602787456446,0.5547971287675407,0.921602787456446,0.5892976142876183,0.926829268292683,19569.508196721312,9342.0,41.0,41.0,,,,,,,,,,,,,,,,,,
E2_UNLOCKPICKUP,queried,unlockpickup,ppo-cf-queried-perturb,2,0.75,e2_unlockpickup_queried_b0p75,MiniGrid-UnlockPickup-v0,unlockpickup_cf,cf_queried_perturb,1.0,0.5,64,0.02,2.56,0.75,1500000,5127.7,42677,9120,runs/e2_unlockpickup_queried_b0p75/seed_2,2026-09-11T04:36:27+0800,c7f5f8c,1.0,41112,0.7831269144692445,306912.0,362096.0,1.0,1.0,0.92859375,22.85,0.96084906719625,0.0094369571925199,0.1229248046875,0.859093101692992,-0.0163691434718202,0.000547574214579,292.0,,,,,,,0.0,0.0,0.75,0.75,0.02001953125,0.02001953125,9.279654333595367e-08,9.883660823106767e-08,0.028037104862513065,0.0280271116644144,0.0599225402715529,0.0472602732479572,,,,,0.6716361074617772,0.9146341463414634,0.6716361074617772,0.9146341463414634,0.7092496334799413,0.951219512195122,16929.62568306011,9409.0,41.0,41.0,,,,,,,,,,,,,,,,,,
E2_UNLOCKPICKUP,queried,unlockpickup,ppo-cf-queried-perturb,2,1.5,e2_unlockpickup_queried_b1p5,MiniGrid-UnlockPickup-v0,unlockpickup_cf,cf_queried_perturb,1.0,0.5,64,0.02,2.56,1.5,1500000,5840.5,32048,167920,runs/e2_unlockpickup_queried_b1p5/seed_2,2026-09-11T10:33:33+0800,c7f5f8c,1.0,29628,0.5943288,594336.0,643648.0,1.0,1.0,0.9306874999999999,22.18,0.6985540427267551,0.0130682175558831,0.1124267578125,0.9106524181360612,-0.0230163320666179,0.0002046127556241,257.0,,,,,,,0.0,0.0,1.5,1.5,0.02001953125,0.02001953125,6.744021284105562e-08,1.1746305972337725e-07,0.020708249291477236,0.0279346220195293,0.12902066092734613,0.118830107152462,,,,,0.5107100017136003,0.970383275261324,0.5107100017136003,0.970383275261324,0.5422497667599627,1.0,20830.15300546448,8465.0,41.0,41.0,,,,,,,,,,,,,,,,,,
E2_UNLOCKPICKUP,queried,unlockpickup,ppo-cf-queried-perturb,3,0.25,e2_unlockpickup_queried_b0p25,MiniGrid-UnlockPickup-v0,unlockpickup_cf,cf_queried_perturb,1.0,0.5,64,0.02,2.56,0.25,1500000,5648.9,37392,8992,runs/e2_unlockpickup_queried_b0p25/seed_3,2026-09-11T02:24:54+0800,c7f5f8c,1.0,35195,0.6499667087984827,510224.0,543072.0,1.0,1.0,0.94328125,18.15,0.5230482304468751,0.005524651421183,0.06396484375,0.9251620607440912,-0.0133086501446086,8.406821871176362e-05,265.0,,,,,,,0.0,0.0,0.25,0.25,0.02001953125,0.02001953125,7.712070333420967e-08,1.259613782167435e-07,0.022671110265827153,0.0177672561258077,0.020468202736063257,0.0102422898635268,,,,,0.5598665295786447,0.9965156794425089,0.5598665295786447,0.9965156794425089,0.5913634546181528,1.0,19203.696721311477,6397.0,41.0,41.0,,,,,,,,,,,,,,,,,,
E2_UNLOCKPICKUP,queried,unlockpickup,ppo-cf-queried-perturb,3,0.75,e2_unlockpickup_queried_b0p75,MiniGrid-UnlockPickup-v0,unlockpickup_cf,cf_queried_perturb,1.0,0.5,64,0.02,2.56,0.75,1500000,5299.6,39552,94736,runs/e2_unlockpickup_queried_b0p75/seed_3,2026-09-11T05:27:42+0800,c7f5f8c,0.99,37852,0.7579455999999999,345376.0,385248.0,1.0,1.0,0.916375,26.44,1.1647707670927048,0.0107192154264339,0.1014404296875,0.9716328447276718,-0.0121678264986258,0.000677796241689,283.0,,,,,,,0.0,0.0,0.75,0.75,0.02001953125,0.02001953125,8.96463003987687e-08,8.413917385041715e-08,0.026953246453846884,0.0202941093593835,0.060207631183238505,0.0228043925017118,,,,,0.6528531444565031,0.7996515679442509,0.6528531444565031,0.7996515679442509,0.6889910702385713,0.8048780487804879,17486.964480874318,13768.0,41.0,41.0,,,,,,,,,,,,,,,,,,
E2_UNLOCKPICKUP,queried,unlockpickup,ppo-cf-queried-perturb,3,1.5,e2_unlockpickup_queried_b1p5,MiniGrid-UnlockPickup-v0,unlockpickup_cf,cf_queried_perturb,1.0,0.5,64,0.02,2.56,1.5,1500000,5292.1,30897,30096,runs/e2_unlockpickup_queried_b1p5/seed_3,2026-09-11T10:24:25+0800,c7f5f8c,0.98,28336,0.5770385953236552,624944.0,679472.0,1.0,1.0,0.91015625,28.11,1.1036925800144672,0.0067358934447838,0.0948486328125,0.9616242935246948,-0.0043533878051675,0.000880958927155,283.0,,,,,,,0.0,0.0,1.5,1.5,0.02001953125,0.02001953125,6.965435736634027e-08,1.9633444026112562e-07,0.023121092664911184,0.0213969517499208,0.1562679671247291,0.1647180914878845,,,,,0.476775956284153,0.7212543554006968,0.476775956284153,0.7212543554006968,0.5174596827935493,0.7317073170731707,21720.72950819672,14460.0,41.0,41.0,,,,,,,,,,,,,,,,,,
E2_UNLOCKPICKUP,queried,unlockpickup,ppo-cf-queried-perturb,4,0.25,e2_unlockpickup_queried_b0p25,MiniGrid-UnlockPickup-v0,unlockpickup_cf,cf_queried_perturb,1.0,0.5,64,0.02,2.56,0.25,1500000,5015.3,44302,40592,runs/e2_unlockpickup_queried_b0p25/seed_4,2026-09-11T03:39:24+0800,c7f5f8c,1.0,42838,0.8076576533333333,276592.0,329632.0,1.0,1.0,0.92496875,24.01,1.0648235455155373,0.006807502581978,0.0870361328125,0.7878205784848786,-0.0052950419922126,0.0038411551286117,299.0,,,,,,,0.0,0.0,0.25,0.25,0.02001953125,0.02001953125,9.686911838546328e-08,1.1717202141880989e-07,0.028900143511013124,0.0280228201299905,0.0206188139075647,0.0144814765080809,,,,,0.6920707907313265,0.9686411149825784,0.6920707907313265,0.9686411149825784,0.7311075569772091,0.975609756097561,16312.86612021858,9185.0,41.0,41.0,,,,,,,,,,,,,,,,,,
E2_UNLOCKPICKUP,queried,unlockpickup,ppo-cf-queried-perturb,4,0.75,e2_unlockpickup_queried_b0p75,MiniGrid-UnlockPickup-v0,unlockpickup_cf,cf_queried_perturb,1.0,0.5,64,0.02,2.56,0.75,1500000,5060.5,42137,24928,runs/e2_unlockpickup_queried_b0p75/seed_4,2026-09-11T06:30:16+0800,c7f5f8c,0.99,40641,0.791998408847981,296480.0,345728.0,1.0,1.0,0.9204374999999999,25.14,1.0299279186874628,0.0049126702751891,0.0606689453125,0.9293292456494836,0.0004440808697836,0.001688033746177,296.0,,,,,,,0.0,0.0,0.75,0.75,0.02001953125,0.02001953125,9.191714132269181e-08,8.742790669202806e-08,0.026169266734307816,0.0416976325213909,0.06222681792025435,0.086521990597248,,,,,0.685268749643,0.8797909407665505,0.685268749643,0.8797909407665505,0.7248433959749434,0.902439024390244,16650.521857923497,9989.0,41.0,41.0,,,,,,,,,,,,,,,,,,
E2_UNLOCKPICKUP,queried,unlockpickup,ppo-cf-queried-perturb,4,1.5,e2_unlockpickup_queried_b1p5,MiniGrid-UnlockPickup-v0,unlockpickup_cf,cf_queried_perturb,1.0,0.5,64,0.02,2.56,1.5,1500000,5443.7,36778,12272,runs/e2_unlockpickup_queried_b1p5/seed_4,2026-09-11T10:26:56+0800,c7f5f8c,0.99,34932,0.7247169397684947,399296.0,456944.0,1.0,1.0,0.921125,24.92,0.9138385131955148,0.0095294880447909,0.10400390625,0.8454750412595035,-0.0024788352602627,0.0018155365578422,276.0,,,,,,,0.0,0.0,1.5,1.5,0.02001953125,0.02001953125,8.737011959087646e-08,8.294591680169107e-08,0.025255661664525503,0.0458059459924697,0.12132839637660911,0.0595680736005306,,,,,0.624773899963824,0.951219512195122,0.624773899963824,0.951219512195122,0.6578701852592296,0.975609756097561,18334.35519125683,8609.0,41.0,41.0,,,,,,,,,,,,,,,,,,
